4,3,na,na,na,na,na,na,na,na,na,na,na,na,na,37,13,24,0.51,14,5,P,S,M,3,14.75,337,-0.463550271,0.886070622,12,1990,0.35,0.95,0.32,0.09,0.17,0.06,0.15,0.41,0.14,0.04,0.08,0.03,-0.443697499,-0.017728767,-0.48148606,-1,-0.744727495,-1.15490196,-0.795880017,-0.37675071,-0.823908741,-1.301029996,-1.045757491,-1.397940009,2,5.6,1.87,0.4,0.8,0.27,0.74
5,7,na,na,na,na,na,na,na,na,na,na,na,na,na,48,11,34,0,0,N,0,0,M,7,18.41,341,-0.401487989,0.915864288,12,1990,0.42,2.8,0.4,0.03,0.08,0.01,0.23,1.45,0.21,0.02,0.09,0.01,-0.366531544,0.44870632,-0.387216143,-1.397940009,-1.045757491,-1.698970004,-0.619788758,0.164352856,-0.657577319,-1.522878745,-1,-1.698970004,2.2,14.7,2.1,0.2,1.6,0.13,na
6,5,na,na,na,na,na,na,na,na,na,na,na,na,na,33,20,29,1.38,8,N,P,S,M,3,17.29,349,-0.271958158,0.962309077,12,1990,0.47,2.21,0.44,0.04,0.12,0.02,0.22,1.1,0.22,0.03,0.06,0.01,-0.318758763,0.346352974,-0.346787486,-1.301029996,-0.886056648,-1.522878745,-0.638272164,0.045322979,-0.638272164,-1.397940009,-1.15490196,-1.698970004,2.1,10.3,2.06,0.2,0.5,0.1,na
7,3,na,na,na,na,na,na,na,na,na,na,na,na,na,36,-15,6,0.09,1,N,P,S,M,3,19.67,354,-0.18822671,0.982125606,12,1990,0.46,1.31,0.44,0.08,0.12,0.04,0.2,0.57,0.19,0.04,0.06,0.02,-0.327902142,0.120573931,-0.346787486,-1.045757491,-0.886056648,-1.301029996,-0.677780705,-0.236572006,-0.698970004,-1.301029996,-1.15490196,-1.522878745,2,5.7,1.9,0.4,0.6,0.2,na
8,1,na,na,na,na,na,na,na,na,na,na,na,na,na,27,-4,12,0.04,1,N,P,S,M,3,23.71,363,-0.034421612,0.999407401,12,1990,0.51,0.51,0.51,0.13,0.13,0.13,0.17,0.17,0.17,0.03,0.03,0.03,-0.283996656,-0.283996656,-0.283996656,-0.853871964,-0.853871964,-0.853871964,-0.744727495,-0.744727495,-0.744727495,-1.397940009,-1.397940009,-1.397940009,1.9,1.9,1.9,0.4,0.6,0.3,na
9,4,na,na,na,na,na,na,na,na,na,na,na,na,na,27,-7,9,0.02,0,U,P,0,M,3,22.66,364,-0.017213356,0.999851839,12,1990,0.53,2.03,0.51,0.04,0.07,0.02,0.16,0.63,0.16,0.01,0.01,0,-0.26760624,0.309630167,-0.283996656,-1.301029996,-1.096910013,-1.522878745,-0.769551079,-0.193820026,-0.769551079,-1.698970004,-1.698970004,-2,1.9,7.3,1.83,0.1,0.2,0.05,na
10,6,na,na,na,na,na,na,na,na,na,na,na,na,na,25,-10,12,0.4,5,U,P,S,M,3,20.18,5,0.085964799,0.996298175,1,1991,0.62,3.57,0.6,0.02,0.06,0.01,0.15,0.89,0.15,0.01,0.02,0,-0.200659451,0.553883027,-0.214670165,-1.522878745,-1.15490196,-1.698970004,-0.795880017,-0.045757491,-0.795880017,-1.698970004,-1.522878745,-2,1.9,11.4,1.9,0,0,0,na
11,6,na,na,na,na,na,na,na,na,na,na,na,na,na,42,-5,23,0,0,4,0,0,M,5,25.27,16,0.271958158,0.962309077,1,1991,0.69,3.95,0.66,0.11,0.16,0.03,0.22,1.25,0.21,0.02,0.06,0.01,-0.15490196,0.597695186,-0.173925197,-0.920818754,-0.769551079,-1.397940009,-0.638272164,0.100370545,-0.657577319,-1.522878745,-1.15490196,-1.698970004,2.1,12.2,2.03,0.3,0.4,0.07,1.01
12,11,na,na,na,na,na,na,na,na,na,na,na,na,na,50,4,33,0,0,8,0,0,M,5,29.8,32,0.523415607,0.852077521,2,1991,0.78,7.71,0.7,0.13,0.38,0.03,0.48,4.5,0.41,0.09,0.25,0.02,-0.102372909,0.8876173,-0.148741651,-0.853871964,-0.408935393,-1.397940009,-0.30980392,0.654176542,-0.37675071,-1,-0.585026652,-1.522878745,2.4,23.8,2.16,0.4,1.1,0.1,2.38
13,3,na,na,na,na,na,na,na,na,na,na,na,na,na,36,2,26,0,0,U,0,0,M,8,25.69,47,0.723644038,0.690173388,2,1991,0.65,1.82,0.61,0.1,0.17,0.06,0.53,1.49,0.5,0.09,0.17,0.06,-0.180456064,0.26245109,-0.207608311,-0.958607315,-0.744727495,-1.15490196,-0.26760624,0.176091259,-0.292429824,-1,-0.744727495,-1.15490196,2,5.6,1.87,0.3,0.5,0.17,na
14,5,na,na,na,na,na,na,na,na,na,na,na,na,na,47,15,28,0.15,0,1,P,0,M,3,34.1,50,0.758305808,0.651898996,2,1991,0.75,3.38,0.68,0.1,0.22,0.04,0.62,2.87,0.57,0.13,0.27,0.05,-0.119186408,0.530199698,-0.161150909,-0.958607315,-0.638272164,-1.301029996,-0.200659451,0.459392488,-0.236572006,-0.853871964,-0.552841969,-1.22184875,2.3,10.4,2.08,0.3,0.7,0.14,0.34
16,2,na,na,na,na,na,na,na,na,na,na,na,na,na,53,23,39,0.1,0,Z,P,0,M,6,10,64,0.891981346,0.452072204,3,1991,1.42,2.47,1.24,0.49,0.68,0.34,0.64,1.15,0.58,0.23,0.3,0.15,0.155336037,0.394451681,0.096910013,-0.301029996,-0.161150909,-0.455931956,-0.187086643,0.064457989,-0.229147988,-0.619788758,-0.508638306,-0.795880017,4.2,7.4,3.7,1.3,1.9,0.95,na
17,4,na,na,na,na,na,na,na,na,na,na,na,na,na,47,23,36,0,0,Z,0,0,M,6,10,67,0.914127988,0.405425728,3,1991,1.31,4.32,1.08,0.31,0.39,0.1,0.48,1.71,0.43,0.08,0.1,0.03,0.120573931,0.636487896,0.037426498,-0.494850022,-0.397940009,-0.958607315,-0.30980392,0.235528447,-0.356547324,-1.045757491,-0.958607315,-1.397940009,4.1,13.4,3.35,1,1.2,0.3,na
18,4,na,na,na,na,na,na,na,na,na,na,na,na,na,49,24,36,0.07,0.8,1,P,S,M,3,10,71,0.939856058,0.341570769,3,1991,1.08,4.18,1.05,0.1,0.25,0.06,0.38,1.38,0.35,0.05,0.1,0.03,0.037426498,0.622214023,0.025305865,-0.958607315,-0.585026652,-1.15490196,-0.408935393,0.1430148,-0.443697499,-1.22184875,-0.958607315,-1.397940009,3.3,12.9,3.23,0.3,0.8,0.2,0.1
19,4,na,na,na,na,na,na,na,na,na,na,na,na,na,63,27,41,0.04,0,0,P,0,M,3,na,75,0.961129784,0.276096973,3,1991,1.14,4.33,1.08,0.04,0.07,0.02,0.3,1.17,0.29,0.01,0.03,0.01,0.06069784,0.63748973,0.037426498,-1.301029996,-1.096910013,-1.522878745,-0.508638306,0.071882007,-0.522878745,-1.698970004,-1.397940009,-1.698970004,3.5,13.3,3.33,0.2,0.3,0.08,
23,9,na,na,na,na,na,na,na,na,na,na,na,na,na,90,23,50,0.13,0,Z,P,0,M,6,na,88,0.998435421,0.05591699,3,1991,1.13,9.13,1.01,0.08,0.32,0.04,0.18,1.22,0.14,0.02,0.09,0.01,0.056904851,0.960946196,0.008600172,-1.045757491,-0.48148606,-1.301029996,-0.721246399,0.089905111,-0.823908741,-1.522878745,-1,-1.698970004,3.5,28.4,3.16,0.3,0.9,0.1,na
53,2,na,na,na,na,na,na,na,na,na,na,na,na,na,26,-5,14,0,0,1,0,0,M,5,13.8,311,-0.801361088,0.598180914,11,1991,3.63,7,3.5,0.36,0.46,0.23,0.56,1.07,0.54,0.08,0.11,0.06,0.561101384,0.845718018,0.545307116,-0.431798276,-0.327902142,-0.619788758,-0.244125144,0.033423755,-0.259637311,-1.045757491,-0.920818754,-1.15490196,5.2,10.2,5.1,0.2,0.2,0.1,0.14
54,2,na,na,na,na,na,na,na,na,na,na,na,na,na,47,29,36,0.12,0,1,P,0,M,3,16.54,314,-0.769414827,0.638749422,11,1991,2.92,5.53,2.77,0.87,1.43,0.72,0.42,0.79,0.4,0.13,0.21,0.11,0.46686762,0.743509765,0.444044796,-0.055517328,0.158362492,-0.13667714,-0.366531544,-0.096910013,-0.387216143,-0.853871964,-0.657577319,-0.920818754,5.7,11.4,5.7,0.7,1.4,0.7,0.17
57,2,na,na,na,na,na,na,na,na,na,na,na,na,na,44,18,31,0.2,0,N,P,0,M,3,8.71,326,-0.622046748,0.782980104,11,1991,3.22,6.08,3.04,0.59,0.82,0.41,0.56,1.04,0.52,0.14,0.2,0.1,0.509202522,0.784617293,0.484299839,-0.22184875,-0.080921908,-0.37675071,-0.244125144,0.021189299,-0.27572413,-0.823908741,-0.677780705,-0.958607315,4.6,9.1,4.55,0.1,0.1,0.05,na
58,3,na,na,na,na,na,na,na,na,na,na,na,na,na,29,-1,14,0.15,0,N,P,0,M,3,8.45,328,-0.594726687,0.803927962,11,1991,2.63,6.23,2.08,0.43,0.52,0.17,0.42,0.97,0.32,0.09,0.11,0.04,0.421603927,0.79518459,0.320146286,-0.356547324,-0.27572413,-0.744727495,-0.366531544,-0.008773924,-0.48148606,-1,-0.920818754,-1.301029996,4.6,12.1,4.03,0.3,0.4,0.13,na
60,3,na,na,na,na,na,na,na,na,na,na,na,na,na,18,-6,6,0.28,0,N,P,0,M,3,16.49,337,-0.463550271,0.886070622,12,1991,1.13,3.13,1.04,0.17,0.28,0.09,0.3,0.79,0.26,0.07,0.11,0.04,0.056904851,0.496929648,0.021189299,-0.744727495,-0.537602002,-1,-0.508638306,-0.096910013,-0.568636236,-1.096910013,-0.920818754,-1.301029996,4.1,12.1,4.03,0.2,0.4,0.13,na
61,2,na,na,na,na,na,na,na,na,na,na,na,na,na,46,20,36,0,0,N,0,0,M,7,24.43,341,-0.401487989,0.915864288,12,1991,0.89,1.78,0.89,0.09,0.18,0.09,0.19,0.37,0.19,0.04,0.07,0.04,-0.045757491,0.252853031,-0.045757491,-1,-0.721246399,-1,-0.698970004,-0.420216403,-0.698970004,-1.301029996,-1.096910013,-1.301029996,4.5,8.7,4.35,0.3,0.3,0.15,na
62,1,na,na,na,na,na,na,na,na,na,na,na,na,na,45,27,36,0,0,N,0,0,M,7,30.88,344,-0.353676122,0.935367949,12,1991,0.74,0.74,0.74,0.07,0.07,0.07,0.13,0.13,0.13,0.02,0.02,0.02,-0.124938737,-0.124938737,-0.124938737,-1.096910013,-1.096910013,-1.096910013,-0.853871964,-0.853871964,-0.853871964,-1.522878745,-1.522878745,-1.522878745,4.3,4.3,4.3,0.2,0.3,0.15,na
64,4,na,na,na,na,na,na,na,na,na,na,na,na,na,37,21,32,0.2,1,1,P,S,M,3,45.74,354,-0.18822671,0.982125606,12,1991,1.22,4.69,1.17,0.16,0.43,0.11,0.17,0.68,0.17,0.02,0.04,0.01,0.089905111,0.672097858,0.071882007,-0.769551079,-0.356547324,-0.920818754,-0.744727495,-0.161150909,-0.744727495,-1.522878745,-1.301029996,-1.698970004,4.1,15.9,3.98,0.6,1.5,0.38,0.46
65,2,na,na,na,na,na,na,na,na,na,na,na,na,na,36,15,27,0,0,U,0,0,M,8,64.07,359,-0.103101697,0.99467082,12,1991,1.04,2.07,1.04,0.04,0.07,0.04,0.17,0.33,0.17,0.01,0.01,0.01,0.021189299,0.318063335,0.021189299,-1.301029996,-1.096910013,-1.301029996,-0.744727495,-0.468521083,-0.744727495,-1.698970004,-1.698970004,-1.698970004,3.7,7.4,3.7,0.1,0.2,0.1,na
66,3,na,na,na,na,na,na,na,na,na,na,na,na,na,34,23,29,0,0,1,0,0,M,5,48.25,361,-0.068802427,0.997630305,12,1991,1,2.97,0.99,0.02,0.03,0.01,0.17,0.5,0.17,0,0,0,0.004321374,0.474216264,0,-1.522878745,-1.397940009,-1.698970004,-0.744727495,-0.292429824,-0.744727495,-2,-2,-2,3.6,10.8,3.6,0,0,0,0.48
67,6,na,na,na,na,na,na,na,na,na,na,na,na,na,38,28,32,0.01,0,4,P,0,M,5,38.45,364,-0.017213356,0.999851839,12,1991,0.97,5.64,0.94,0.07,0.13,0.02,0.18,1.04,0.17,0.01,0.02,0,-0.008773924,0.752048448,-0.022276395,-1.096910013,-0.853871964,-1.522878745,-0.721246399,0.021189299,-0.744727495,-1.698970004,-1.522878745,-2,3.6,21.5,3.58,0.2,0.3,0.05,1.54
68,3,na,na,na,na,na,na,na,na,na,na,na,na,na,36,12,27,0.15,0,U,P,0,M,3,35.44,8,0.137278772,0.990532452,1,1992,0.85,2.45,0.82,0.06,0.09,0.03,0.18,0.53,0.18,0.01,0.02,0.01,-0.065501549,0.390935107,-0.080921908,-1.15490196,-1,-1.397940009,-0.721246399,-0.26760624,-0.721246399,-1.698970004,-1.522878745,-1.698970004,3.4,10,3.33,0.2,0.2,0.07,na
69,2,na,na,na,na,na,na,na,na,na,na,na,na,na,44,13,32,0,0,Z,0,0,M,6,32.86,12,0.2051045,0.97874008,1,1992,0.78,1.55,0.78,0.07,0.13,0.07,0.18,0.36,0.18,0.01,0.02,0.01,-0.102372909,0.193124598,-0.102372909,-1.096910013,-0.853871964,-1.096910013,-0.721246399,-0.431798276,-0.721246399,-1.698970004,-1.522878745,-1.698970004,3.3,6.6,3.3,0.2,0.4,0.2,na
71,3,na,na,na,na,na,na,na,na,na,na,na,na,na,35,6,18,0.83,0,N,P,0,M,3,25.28,23,0.385663406,0.922639549,1,1992,0.69,1.99,0.66,0.03,0.04,0.01,0.18,0.5,0.17,0.01,0.02,0.01,-0.15490196,0.301029996,-0.173925197,-1.397940009,-1.301029996,-1.698970004,-0.721246399,-0.292429824,-0.744727495,-1.698970004,-1.522878745,-1.698970004,3.2,9.2,3.07,0.1,0.2,0.07,na
72,2,na,na,na,na,na,na,na,na,na,na,na,na,na,37,22,31,0,0,N,0,0,M,7,32.5,31,0.508670944,0.860961016,1,1992,0.69,1.34,0.67,0.05,0.06,0.03,0.14,0.27,0.14,0.01,0.01,0.01,-0.15490196,0.130333768,-0.167491087,-1.22184875,-1.15490196,-1.397940009,-0.823908741,-0.552841969,-0.823908741,-1.698970004,-1.698970004,-1.698970004,3.2,6.2,3.1,0.2,0.2,0.1,na
73,4,na,na,na,na,na,na,na,na,na,na,na,na,na,43,16,33,0,0,2,0,0,M,5,34.05,34,0.552435313,0.833555772,2,1992,0.73,2.83,0.71,0.08,0.29,0.07,0.14,0.51,0.13,0.02,0.05,0.01,-0.13076828,0.45331834,-0.142667504,-1.045757491,-0.522878745,-1.096910013,-0.823908741,-0.283996656,-0.853871964,-1.522878745,-1.22184875,-1.698970004,3.4,13.1,3.28,0.4,1.5,0.38,0.68
74,3,na,na,na,na,na,na,na,na,na,na,na,na,na,36,9,25,0,0,U,0,0,M,8,28.2,41,0.648629561,0.761104259,2,1992,0.59,1.74,0.58,0.07,0.16,0.05,0.09,0.26,0.09,0.02,0.03,0.01,-0.22184875,0.243038049,-0.229147988,-1.096910013,-0.769551079,-1.22184875,-1,-0.568636236,-1,-1.522878745,-1.397940009,-1.698970004,2.7,8,2.67,0.3,0.7,0.23,na
75,4,na,na,na,na,na,na,na,na,na,na,na,na,na,40,28,35,0,0,0.5,0,0,M,5,26.45,46,0.711656622,0.702527474,2,1992,4.9,7.19,1.8,4.25,4.83,1.21,0.45,0.85,0.21,0.34,0.49,0.12,0.691081492,0.857332496,0.257678575,0.629409599,0.684845362,0.086359831,-0.337242168,-0.065501549,-0.657577319,-0.455931956,-0.301029996,-0.886056648,4.1,12.4,3.1,1.2,1.6,0.4,0.13
76,3,na,na,na,na,na,na,na,na,na,na,na,na,na,39,19,31,0.24,2.5,1,P,S,M,3,26.86,50,0.758305808,0.651898996,2,1992,0.65,1.74,0.58,0.03,0.03,0.01,0.11,0.27,0.09,0.01,0.02,0.01,-0.180456064,0.243038049,-0.229147988,-1.397940009,-1.397940009,-1.698970004,-0.920818754,-0.552841969,-1,-1.698970004,-1.522878745,-1.698970004,2.9,8,2.67,0.2,0.3,0.1,0.27
77,7,na,na,na,na,na,na,na,na,na,na,na,na,na,60,21,38,0.13,0,4,P,0,M,5,26.65,56,0.821476553,0.570242293,2,1992,68.18,124.72,17.82,64.85,103.81,14.83,15.72,29.32,4.19,15.28,27,3.86,1.83372069,2.095970922,1.251151343,1.811976944,2.016281025,1.171433901,1.196728723,1.467312063,0.62324929,1.184407485,1.431524584,0.587710965,8.1,36.6,5.23,3.5,9.8,0.82,1.07
80,3,na,na,na,na,na,na,na,na,na,na,na,na,na,29,10,19,0.03,0,1,P,0,M,3,15.76,71,0.939856058,0.341570769,3,1992,2.35,5.78,1.93,0.56,0.79,0.26,1.52,3.94,1.31,0.64,0.98,0.33,0.372912003,0.762678564,0.28780173,-0.244125144,-0.096910013,-0.568636236,0.184691431,0.596597096,0.120573931,-0.187086643,-0.004364805,-0.468521083,5.1,14.3,4.77,0.2,0.2,0.07,0.16
81,3,na,na,na,na,na,na,na,na,na,na,na,na,na,44,20,30,0.02,0,1,P,0,M,3,13.45,74,0.956234827,0.292600336,3,1992,1.32,3.41,1.14,0.1,0.11,0.04,0.72,1.56,0.52,0.13,0.14,0.05,0.123851641,0.534026106,0.06069784,-0.958607315,-0.920818754,-1.301029996,-0.13667714,0.195899652,-0.27572413,-0.853871964,-0.823908741,-1.22184875,4.6,13.4,4.47,0.3,0.3,0.1,0.13
82,3,na,na,na,na,na,na,na,na,na,na,na,na,na,49,23,35,0.03,0,1,P,0,M,3,12.5,77,0.970063922,0.242849722,3,1992,0.99,2.89,0.96,0.06,0.08,0.03,0.35,1.01,0.34,0.03,0.04,0.01,0,0.462397998,-0.013228266,-1.15490196,-1.045757491,-1.397940009,-0.443697499,0.008600172,-0.455931956,-1.397940009,-1.301029996,-1.698970004,4.6,13.4,4.47,0.3,0.7,0.23,0.13
83,5,na,na,na,na,na,na,na,na,na,na,na,na,na,63,10,38,0.18,0,1,P,0,M,3,12.94,81,0.984473817,0.17553149,3,1992,0.95,4.47,0.89,0.1,0.22,0.04,0.32,1.51,0.3,0.03,0.08,0.02,-0.017728767,0.651278014,-0.045757491,-0.958607315,-0.638272164,-1.301029996,-0.48148606,0.181843588,-0.508638306,-1.397940009,-1.045757491,-1.522878745,4.4,20.8,4.16,0.4,0.8,0.16,0.13
85,5,na,na,na,na,na,na,na,na,na,na,na,na,na,70,23,45,0,0,Z,0,0,M,6,na,93,0.999546281,-0.030120305,4,1992,0.74,3.3,0.66,0.08,0.22,0.04,0.23,0.96,0.19,0.04,0.09,0.02,-0.124938737,0.519827994,-0.173925197,-1.045757491,-0.638272164,-1.301029996,-0.619788758,-0.013228266,-0.698970004,-1.301029996,-1,-1.522878745,4,19.2,3.84,0.1,0.1,0.02,na
106,4,na,na,na,na,na,na,na,na,na,na,na,na,na,39,6,23,0.18,2,1,P,S,M,3,11.63,354,-0.18822671,0.982125606,12,1992,0.93,3.55,0.89,0.18,0.34,0.09,0.15,0.58,0.15,0.03,0.05,0.01,-0.026872146,0.551449998,-0.045757491,-0.721246399,-0.455931956,-1,-0.795880017,-0.229147988,-0.795880017,-1.397940009,-1.22184875,-1.698970004,3.5,13.3,3.33,0.7,1.4,0.35,0.12
107,3,na,na,na,na,na,na,na,na,na,na,na,na,na,34,na,13,0.28,3,1,P,S,M,3,15.1,364,-0.017213356,0.999851839,12,1992,0.95,2.71,0.9,0.06,0.16,0.05,0.16,0.46,0.15,0.01,0.02,0.01,-0.017728767,0.434568904,-0.040958608,-1.15490196,-0.769551079,-1.22184875,-0.769551079,-0.327902142,-0.795880017,-1.698970004,-1.522878745,-1.698970004,3.8,10.9,3.63,0.3,0.8,0.27,0.15
108,2,na,na,na,na,na,na,na,na,na,na,na,na,na,30,21,26,0.91,9,N,P,S,M,3,13.15,12,0.2051045,0.97874008,1,1993,0.78,1.55,0.78,0.06,0.11,0.06,0.15,0.3,0.15,0.01,0.02,0.01,-0.102372909,0.193124598,-0.102372909,-1.15490196,-0.920818754,-1.15490196,-0.795880017,-0.508638306,-0.795880017,-1.698970004,-1.522878745,-1.698970004,3.4,6.8,3.4,0.2,0.4,0.2,na
109,4,na,na,na,na,na,na,na,na,na,na,na,na,na,41,-10,23,0.49,0,1,P,0,M,3,11.36,19,0.321269662,0.946987753,1,1993,0.66,2.46,0.62,0.04,0.1,0.03,0.13,0.49,0.12,0.01,0.01,0,-0.173925197,0.392696953,-0.200659451,-1.301029996,-0.958607315,-1.397940009,-0.853871964,-0.301029996,-0.886056648,-1.698970004,-1.698970004,-2,3.1,11.4,2.85,0.2,0.4,0.1,0.11
110,6,na,na,na,na,na,na,na,na,na,na,na,na,na,40,-4,19,0.09,0,6,P,0,M,3,18.81,24,0.401487989,0.915864288,1,1993,0.66,3.59,0.6,0.08,0.14,0.02,0.13,0.73,0.12,0.01,0.01,0,-0.173925197,0.556302501,-0.214670165,-1.045757491,-0.823908741,-1.522878745,-0.853871964,-0.13076828,-0.886056648,-1.698970004,-1.698970004,-2,3.3,17.9,2.98,0.5,0.8,0.13,1.13
111,5,na,na,na,na,na,na,na,na,na,na,na,na,na,47,4,31,0,0,1,0,0,M,5,22.81,30,0.49377555,0.869589389,1,1993,0.67,3.11,0.62,0.08,0.18,0.04,0.14,0.65,0.13,0.02,0.05,0.01,-0.167491087,0.494154594,-0.200659451,-1.045757491,-0.721246399,-1.301029996,-0.823908741,-0.180456064,-0.853871964,-1.522878745,-1.22184875,-1.698970004,3.5,16.4,3.28,0.5,1.2,0.24,0.23
112,3,na,na,na,na,na,na,na,na,na,na,na,na,na,29,-3,15,0.48,0,U,P,0,M,3,21.53,52,0.780295851,0.625410573,2,1993,0.57,1.63,0.54,0.03,0.06,0.02,0.12,0.35,0.12,0.01,0.01,0,-0.236572006,0.214843848,-0.259637311,-1.397940009,-1.15490196,-1.522878745,-0.886056648,-0.443697499,-0.886056648,-1.698970004,-1.698970004,-2,3.5,10.1,3.37,0.2,0.4,0.13,na
113,5,na,na,na,na,na,na,na,na,na,na,na,na,na,47,25,35,0,0,2,0,0,M,5,25.84,61,0.867456355,0.497513289,3,1993,0.92,4,0.8,0.13,0.41,0.08,0.19,0.83,0.17,0.03,0.09,0.02,-0.031517051,0.603144373,-0.091514981,-0.853871964,-0.37675071,-1.045757491,-0.698970004,-0.075720714,-0.744727495,-1.397940009,-1,-1.522878745,3.9,18.3,3.66,0.2,0.4,0.08,0.52
114,4,na,na,na,na,na,na,na,na,na,na,na,na,na,42,14,30,0.51,3.3,3,P,S,M,3,24.29,67,0.914127988,0.405425728,3,1993,4.98,16.04,4.01,2.34,6.46,1.62,0.8,2.01,0.5,0.3,0.65,0.16,0.698100546,1.205475037,0.604226053,0.371067862,0.810904281,0.212187604,-0.091514981,0.305351369,-0.292429824,-0.508638306,-0.180456064,-0.769551079,5,18.5,4.63,1,2.7,0.68,0.73
115,3,na,na,na,na,na,na,na,na,na,na,na,na,na,41,4,21,0,0,U,0,0,M,8,26.57,74,0.956234827,0.292600336,3,1993,2.31,5.92,1.97,1.32,2.96,0.99,0.63,1.35,0.45,0.43,0.83,0.28,0.365487985,0.773054693,0.29666519,0.123851641,0.472756449,0,-0.193820026,0.133538908,-0.337242168,-0.356547324,-0.075720714,-0.537602002,4.1,11.1,3.7,0.7,1.2,0.4,na
116,4,na,na,na,na,na,na,na,na,na,na,na,na,na,46,29,35,0.09,1,6,P,S,M,3,26.88,80,0.98130647,0.192451582,3,1993,21.23,24.3,6.08,20.21,20.23,5.06,1.39,2.24,0.56,1.12,1.23,0.31,1.327154512,1.385784959,0.784617293,1.305781151,1.306210508,0.705007959,0.146128036,0.352182518,-0.244125144,0.053078443,0.093421685,-0.494850022,4.9,16.3,4.08,1.1,1.2,0.3,1.61
117,5,na,na,na,na,na,na,na,na,na,na,na,na,na,65,29,43,0,0,2,0,0,M,5,31.42,84,0.992222209,0.124479264,3,1993,57.93,169.76,33.95,39.2,71.17,14.23,8.32,24.62,4.92,6.45,12.01,2.4,1.762978491,2.229860949,1.530967682,1.593396842,1.852357984,1.153509989,0.920645001,1.391464412,0.692846919,0.810232518,1.079904468,0.382017043,8.2,36.1,7.22,1.9,3.8,0.76,0.63
119,1,na,na,na,na,na,na,na,na,na,na,na,na,na,48,20,34,0,0,Z,0,0,M,6,12,93,0.999546281,-0.030120305,4,1993,5.35,5.35,5.35,1.69,1.69,1.69,0.78,0.78,0.78,0.1,0.1,0.1,0.72916479,0.72916479,0.72916479,0.230448921,0.230448921,0.230448921,-0.102372909,-0.102372909,-0.102372909,-0.958607315,-0.958607315,-0.958607315,7.3,7.3,7.3,1,1,0.5,na
120,1,na,na,na,na,na,na,na,na,na,na,na,na,na,52,31,42,0,0,Z,0,0,M,6,na,95,0.997917161,-0.064508449,4,1993,3.84,3.84,3.84,0.18,0.18,0.18,0.75,0.75,0.75,0.07,0.07,0.07,0.58546073,0.58546073,0.58546073,-0.721246399,-0.721246399,-0.721246399,-0.119186408,-0.119186408,-0.119186408,-1.096910013,-1.096910013,-1.096910013,6.3,6.3,6.3,0,0.4,0.2,na
154,4,na,na,na,na,na,na,na,na,na,na,na,na,na,34,10,21,0.41,3,U,P,S,M,3,8.56,330,-0.566701756,0.823923006,11,1993,0.81,3.17,0.79,0.03,0.05,0.01,0.17,0.65,0.16,0.01,0.03,0.01,-0.086186148,0.50242712,-0.096910013,-1.397940009,-1.22184875,-1.698970004,-0.744727495,-0.180456064,-0.769551079,-1.698970004,-1.397940009,-1.698970004,5,19.5,4.88,0.1,0.3,0.07,na
155,2,na,na,na,na,na,na,na,na,na,na,na,na,na,40,27,35,0.02,0,N,P,0,M,7,6.99,335,-0.49377555,0.869589389,12,1993,0.83,1.58,0.79,0.05,0.08,0.04,0.16,0.31,0.16,0.01,0.02,0.01,-0.075720714,0.201397124,-0.096910013,-1.22184875,-1.045757491,-1.301029996,-0.769551079,-0.494850022,-0.769551079,-1.698970004,-1.522878745,-1.698970004,5.1,9.7,4.85,0.3,0.4,0.2,na
156,3,na,na,na,na,na,na,na,na,na,na,na,na,na,37,18,31,0.02,0,N,P,0,M,3,9.66,338,-0.448229342,0.893918597,12,1993,0.81,2.42,0.81,0.09,0.2,0.07,0.15,0.45,0.15,0.02,0.04,0.01,-0.086186148,0.385606274,-0.086186148,-1,-0.677780705,-1.096910013,-0.795880017,-0.337242168,-0.795880017,-1.522878745,-1.301029996,-1.698970004,5,14.9,4.97,0.6,1.3,0.43,na
157,2,na,na,na,na,na,na,na,na,na,na,na,na,na,46,17,33,0,0,N,0,0,M,7,5,343,-0.369724543,0.929141411,12,1993,0.77,1.53,0.77,0.04,0.07,0.04,0.14,0.27,0.14,0.01,0.01,0.01,-0.107905397,0.187520721,-0.107905397,-1.301029996,-1.096910013,-1.301029996,-0.823908741,-0.552841969,-0.823908741,-1.698970004,-1.698970004,-1.698970004,4.8,9.5,4.75,0.3,0.5,0.25,na
158,4,na,na,na,na,na,na,na,na,na,na,na,na,na,50,22,39,0.21,0,N,P,0,M,3,na,346,-0.321269662,0.946987753,12,1993,4.15,9.54,2.39,1.71,3.28,0.82,1.28,2.76,0.69,0.47,0.9,0.23,0.619093331,0.980003372,0.380211242,0.235528447,0.517195898,-0.080921908,0.11058971,0.442479769,-0.15490196,-0.318758763,-0.040958608,-0.619788758,5.7,20.7,5.18,0.7,2.1,0.53,na
159,2,na,na,na,na,na,na,na,na,na,na,na,na,na,38,32,35,0.21,0,N,P,0,M,3,na,351,-0.238672766,0.971100052,12,1993,2.1,3.87,1.94,0.59,0.85,0.43,0.64,1.12,0.56,0.27,0.38,0.19,0.324282455,0.588831726,0.290034611,-0.22184875,-0.065501549,-0.356547324,-0.187086643,0.053078443,-0.244125144,-0.552841969,-0.408935393,-0.698970004,5.1,10.2,5.1,0,0,0,na
160,2,na,na,na,na,na,na,na,na,na,na,na,na,na,35,15,25,0.03,0,N,P,0,M,3,na,354,-0.18822671,0.982125606,12,1993,1.24,2.29,1.15,0.34,0.49,0.25,0.27,0.48,0.24,0.11,0.16,0.08,0.096910013,0.361727836,0.064457989,-0.455931956,-0.301029996,-0.585026652,-0.552841969,-0.30980392,-0.602059991,-0.920818754,-0.769551079,-1.045757491,5,10,5,0,0,0,na
161,2,na,na,na,na,na,na,na,na,na,na,na,na,na,22,0,10,0.01,0,1,P,0,M,3,5,357,-0.137278772,0.990532452,12,1993,0.7,1.38,0.69,0.05,0.08,0.04,0.12,0.23,0.12,0.01,0.01,0.01,-0.148741651,0.1430148,-0.15490196,-1.22184875,-1.045757491,-1.301029996,-0.886056648,-0.619788758,-0.886056648,-1.698970004,-1.698970004,-1.698970004,4.3,8.5,4.25,0.3,0.5,0.25,0.05
162,3,na,na,na,na,na,na,na,na,na,na,na,na,na,31,2,14,0.08,2,N,P,S,M,3,10.35,3,0.051619667,0.998666816,1,1994,0.74,2.19,0.73,0.04,0.06,0.02,0.13,0.38,0.13,0.01,0.01,0,-0.124938737,0.342422681,-0.13076828,-1.301029996,-1.15490196,-1.522878745,-0.853871964,-0.408935393,-0.853871964,-1.698970004,-1.698970004,-2,4.6,13.6,4.53,0.3,0.5,0.17,na
163,3,na,na,na,na,na,na,na,na,na,na,na,na,na,28,-19,2,0.1,0,N,P,0,M,3,11.18,12,0.2051045,0.97874008,1,1994,0.71,2.03,0.68,0.04,0.07,0.02,0.13,0.37,0.12,0.01,0.03,0.01,-0.142667504,0.309630167,-0.161150909,-1.301029996,-1.096910013,-1.522878745,-0.853871964,-0.420216403,-0.886056648,-1.698970004,-1.397940009,-1.698970004,4.4,12.6,4.2,0.3,0.5,0.17,na
164,2,na,na,na,na,na,na,na,na,na,na,na,na,na,3,-26,-12,0.6,8,N,P,S,M,3,9.96,16,0.271958158,0.962309077,1,1994,0.62,1.22,0.61,0.04,0.06,0.03,0.11,0.22,0.11,0,0,0,-0.200659451,0.089905111,-0.207608311,-1.301029996,-1.15490196,-1.397940009,-0.920818754,-0.638272164,-0.920818754,-2,-2,-2,3.8,7.5,3.75,0.2,0.3,0.15,na
165,4,na,na,na,na,na,na,na,na,na,na,na,na,na,40,13,22,0.09,2,N,P,S,M,7,12.62,23,0.385663406,0.922639549,1,1994,0.7,2.8,0.7,0.05,0.14,0.03,0.13,0.52,0.13,0.01,0.02,0.01,-0.148741651,0.44870632,-0.148741651,-1.22184875,-0.823908741,-1.397940009,-0.853871964,-0.27572413,-0.853871964,-1.698970004,-1.522878745,-1.698970004,4.3,17.2,4.3,0.3,0.8,0.2,na
166,3,na,na,na,na,na,na,na,na,na,na,na,na,na,25,-12,7,0.07,0,N,P,0,M,3,17.87,40,0.635432301,0.772156584,2,1994,0.78,2.23,0.74,0.07,0.1,0.03,0.15,0.43,0.14,0.01,0.01,0,-0.102372909,0.350248018,-0.124938737,-1.096910013,-0.958607315,-1.397940009,-0.795880017,-0.356547324,-0.823908741,-1.698970004,-1.698970004,-2,4.8,13.8,4.6,0.4,0.6,0.2,na
167,3,na,na,na,na,na,na,na,na,na,na,na,na,na,40,4,21,0.09,0,N,P,0,M,3,19.38,44,0.687052767,0.726607525,2,1994,0.85,2.49,0.83,0.05,0.08,0.03,0.17,0.49,0.16,0.01,0.01,0,-0.065501549,0.397940009,-0.075720714,-1.22184875,-1.045757491,-1.397940009,-0.744727495,-0.301029996,-0.769551079,-1.698970004,-1.698970004,-2,5.2,15.3,5.1,0.3,0.5,0.17,na
168,6,na,na,na,na,na,na,na,na,na,na,na,na,na,55,10,32,0,0,N,0,0,M,7,18.77,48,0.735417023,0.677614789,2,1994,1508.1,1544.61,257.44,1496.43,1504.61,250.77,741.04,748.12,124.69,739.09,741.09,123.52,3.17843302,3.188821654,2.410692896,3.175059308,3.17742683,2.399292898,2.869847512,2.87397707,2.095866453,2.868703202,2.869876813,2.091772441,59,89.7,14.95,51.8,53.3,8.88,na
169,2,na,na,na,na,na,na,na,na,na,na,na,na,na,20,8,14,0.73,8,3,P,S,M,3,9.98,55,0.811539059,0.584298174,2,1994,1.85,3.46,1.73,0.43,0.62,0.31,0.48,0.92,0.46,0.06,0.08,0.04,0.269512944,0.540329475,0.240549248,-0.356547324,-0.200659451,-0.494850022,-0.30980392,-0.031517051,-0.327902142,-1.15490196,-1.045757491,-1.301029996,4.9,9.7,4.85,0.1,0.1,0.05,0.3
170,3,na,na,na,na,na,na,na,na,na,na,na,na,na,29,-6,12,0.03,3,N,P,S,M,3,9.18,57,0.831170626,0.556017437,2,1994,1.42,3.87,1.29,0.26,0.39,0.13,0.42,1.21,0.4,0.03,0.05,0.02,0.155336037,0.588831726,0.113943352,-0.568636236,-0.397940009,-0.853871964,-0.366531544,0.086359831,-0.387216143,-1.397940009,-1.22184875,-1.522878745,5,14.7,4.9,0.1,0.1,0.03,na
171,4,na,na,na,na,na,na,na,na,na,na,na,na,na,54,25,40,0.25,0,N,P,0,M,3,24.09,62,0.875891705,0.482507742,3,1994,343.6,623.84,155.96,342.69,603.8,150.95,158.74,190.15,47.54,158.4,187.43,46.86,2.536065795,2.795080179,2.193041072,2.534914104,2.780900301,2.178861887,2.200713734,2.279119169,1.677150521,2.199782594,2.272862276,1.670894954,21,50.9,12.73,16,28.1,7.03,na
172,2,na,na,na,na,na,na,na,na,na,na,na,na,na,39,15,27,0,0,N,0,0,M,3,na,67,0.914127988,0.405425728,3,1994,6.01,10.3,5.15,2.91,4.1,2.05,0.89,1.71,0.86,0.12,0.17,0.09,0.779596491,1.013258665,0.712649702,0.465382851,0.613841822,0.31386722,-0.045757491,0.235528447,-0.060480747,-0.886056648,-0.744727495,-1,5.8,11.5,5.75,0.3,0.5,0.25,na
173,5,na,na,na,na,na,na,na,na,na,na,na,na,na,53,17,37,0,0,Z,0,0,M,6,na,70,0.933837229,0.357698239,3,1994,4.27,12.42,2.48,2.32,4.62,0.92,1.23,4.23,0.85,0.65,0.94,0.19,0.631443769,1.094471129,0.396199347,0.367355921,0.665580991,-0.031517051,0.093421685,0.627365857,-0.065501549,-0.180456064,-0.022276395,-0.698970004,6.8,30.5,6.1,1.1,2.3,0.46,na
174,4,na,na,na,na,na,na,na,na,na,na,na,na,na,59,30,41,0.09,0,N,P,0,M,3,na,77,0.970063922,0.242849722,3,1994,2.4,7.06,1.77,0.43,0.9,0.23,0.68,2.15,0.54,0.19,0.35,0.09,0.382017043,0.849419414,0.250420002,-0.356547324,-0.040958608,-0.619788758,-0.161150909,0.334453751,-0.259637311,-0.698970004,-0.443697499,-1,6.5,24.4,6.1,0.3,0.6,0.15,na
175,8,na,na,na,na,na,na,na,na,na,na,na,na,na,71,18,39,0,0,Z,0,0,M,6,na,82,0.987349442,0.158559385,3,1994,1.64,9.33,1.17,0.41,1.04,0.13,0.4,2.41,0.3,0.09,0.23,0.03,0.217483944,0.970346876,0.071882007,-0.37675071,0.021189299,-0.853871964,-0.387216143,0.383815366,-0.508638306,-1,-0.619788758,-1.397940009,6,43.5,5.44,0.7,2.3,0.21,na
176,2,na,na,na,na,na,na,na,na,na,na,na,na,na,59,29,43,0,0,Z,0,0,M,6,na,92,0.999916659,-0.012910296,4,1994,0.8,1.58,0.79,0.03,0.04,0.02,0.22,0.44,0.22,0,0,0,-0.091514981,0.201397124,-0.096910013,-1.397940009,-1.301029996,-1.522878745,-0.638272164,-0.346787486,-0.638272164,-2,-2,-2,4.9,9.7,4.85,0.1,0.1,0.05,na
207,2,na,na,na,na,na,na,na,na,na,na,na,na,na,50,30,38,0.12,1.3,N,P,S,M,3,na,309,-0.821476553,0.570242293,11,2002,0.6,1.19,0.6,0.02,0.02,0.01,0.13,0.26,0.13,0.01,0.01,0.01,-0.214670165,0.079181246,-0.214670165,-1.522878745,-1.522878745,-1.698970004,-0.853871964,-0.568636236,-0.853871964,-1.698970004,-1.698970004,-1.698970004,2.9,5.8,2.9,0.1,0.1,0.05,na
208,3,na,na,na,na,na,na,na,na,na,na,na,na,na,63,37,51,0,0,N,0,0,M,7,na,312,-0.790945657,0.611886401,11,2002,0.63,1.84,0.61,0.03,0.05,0.02,0.12,0.36,0.12,0.01,0.02,0.01,-0.193820026,0.267171728,-0.207608311,-1.397940009,-1.22184875,-1.522878745,-0.886056648,-0.431798276,-0.886056648,-1.698970004,-1.522878745,-1.698970004,3.1,9.1,3.03,0.1,0.2,0.07,na
209,3,na,na,na,na,na,na,na,na,na,na,na,na,na,32,7,21,0.06,0,U,P,0,M,3,na,336,-0.47873384,0.877960085,12,2002,0.49,1.45,0.48,0.03,0.06,0.02,0.06,0.18,0.06,0.01,0.02,0.01,-0.301029996,0.164352856,-0.30980392,-1.397940009,-1.15490196,-1.522878745,-1.15490196,-0.721246399,-1.15490196,-1.698970004,-1.522878745,-1.698970004,2.7,7.9,2.63,0.2,0.4,0.13,na
211,4,na,na,na,na,na,na,na,na,na,na,na,na,na,29,13,24,0.06,0.6,1,P,S,M,3,na,355,-0.171293144,0.985220107,12,2002,0.51,1.99,0.5,0.02,0.04,0.01,0.06,0.24,0.06,0,0,0,-0.283996656,0.301029996,-0.292429824,-1.522878745,-1.301029996,-1.698970004,-1.15490196,-0.602059991,-1.15490196,-2,-2,-2,2.5,9.8,2.45,0.1,0.3,0.08,
212,3,na,na,na,na,na,na,na,na,na,na,na,na,na,46,25,37,0,0,Z,0,0,M,6,na,362,-0.051619667,0.998666816,12,2002,0.61,1.73,0.58,0.07,0.16,0.05,0.09,0.24,0.08,0.01,0.02,0.01,-0.207608311,0.240549248,-0.229147988,-1.096910013,-0.769551079,-1.22184875,-1,-0.602059991,-1.045757491,-1.698970004,-1.522878745,-1.698970004,2.8,8,2.67,0.3,0.7,0.23,na
213,3,na,na,na,na,na,na,na,na,na,na,na,na,na,55,27,42,0,0,Z,0,0,M,6,na,7,0.120208045,0.992748722,1,2003,0.72,2.13,0.71,0.09,0.23,0.08,0.12,0.35,0.12,0.01,0.03,0.01,-0.13667714,0.330413773,-0.142667504,-1,-0.619788758,-1.045757491,-0.886056648,-0.443697499,-0.886056648,-1.698970004,-1.397940009,-1.698970004,2.9,8.7,2.9,0.4,1,0.33,na
214,3,na,na,na,na,na,na,na,na,na,na,na,na,na,39,2,17,0.08,1,U,P,S,M,3,na,12,0.2051045,0.97874008,1,2003,0.71,2.1,0.7,0.08,0.16,0.05,0.13,0.39,0.13,0.02,0.04,0.01,-0.142667504,0.324282455,-0.148741651,-1.045757491,-0.769551079,-1.22184875,-0.853871964,-0.397940009,-0.853871964,-1.522878745,-1.301029996,-1.698970004,2.7,8,2.67,0.3,0.5,0.17,na
215,4,na,na,na,na,na,na,na,na,na,na,na,na,na,26,-1,13,0.02,0.2,U,P,S,M,3,na,18,0.304921225,0.952377576,1,2003,0.63,2.42,0.61,0.11,0.18,0.05,0.11,0.43,0.11,0.02,0.03,0.01,-0.193820026,0.385606274,-0.207608311,-0.920818754,-0.721246399,-1.22184875,-0.920818754,-0.356547324,-0.920818754,-1.522878745,-1.397940009,-1.698970004,2.5,9.7,2.43,0.4,0.7,0.18,na
216,2,na,na,na,na,na,na,na,na,na,na,na,na,na,20,1,12,0.05,0.2,0.1,P,S,M,3,na,24,0.401487989,0.915864288,1,2003,0.58,1.08,0.54,0.13,0.18,0.09,0.1,0.18,0.09,0.02,0.02,0.01,-0.229147988,0.037426498,-0.259637311,-0.853871964,-0.721246399,-1,-0.958607315,-0.721246399,-1,-1.522878745,-1.522878745,-1.698970004,2.5,4.6,2.3,0.6,0.8,0.4,
218,2,na,na,na,na,na,na,na,na,na,na,na,na,na,25,-3,11,0.1,0.8,U,P,S,M,3,na,41,0.648629561,0.761104259,2,2003,0.46,0.91,0.46,0.04,0.07,0.04,0.07,0.14,0.07,0.01,0.02,0.01,-0.327902142,-0.036212173,-0.327902142,-1.301029996,-1.096910013,-1.301029996,-1.096910013,-0.823908741,-1.096910013,-1.698970004,-1.522878745,-1.698970004,2.4,4.7,2.35,0.2,0.3,0.15,na
219,6,na,na,na,na,na,na,na,na,na,na,na,na,na,55,7,31,0.06,0,3,P,0,M,3,na,49,0.746972088,0.664855398,2,2003,133,284.62,47.44,132.54,280.2,46.7,22.5,28.45,4.74,22.44,27.87,4.65,2.123884293,2.454280673,1.676236217,2.122379732,2.44748363,1.669409867,1.352375495,1.454234896,0.67669361,1.351216345,1.445292769,0.668385917,11,34.5,5.75,8.4,19.4,3.23,
220,4,na,na,na,na,na,na,na,na,na,na,na,na,na,43,4,26,0,0,Z,0,0,M,6,na,57,0.831170626,0.556017437,2,2003,1.49,5.56,1.39,0.14,0.3,0.08,0.16,0.63,0.16,0.02,0.05,0.01,0.176091259,0.745855195,0.146128036,-0.823908741,-0.508638306,-1.045757491,-0.769551079,-0.193820026,-0.769551079,-1.522878745,-1.22184875,-1.698970004,2.8,10.5,2.63,0.3,0.7,0.18,na
221,2,na,na,na,na,na,na,na,na,na,na,na,na,na,28,6,18,0.14,0.3,0.6,P,S,M,3,na,62,0.875891705,0.482507742,3,2003,1.44,2.86,1.43,0.05,0.08,0.04,0.13,0.25,0.13,0.02,0.03,0.02,0.161368002,0.457881897,0.158362492,-1.22184875,-1.045757491,-1.301029996,-0.853871964,-0.585026652,-0.853871964,-1.522878745,-1.397940009,-1.522878745,2.6,5.1,2.55,0.2,0.3,0.15,
222,3,na,na,na,na,na,na,na,na,na,na,na,na,na,31,1,18,0.03,0.6,1.5,P,S,M,3,10,64,0.891981346,0.452072204,3,2003,1.49,4.31,1.44,0.14,0.22,0.07,0.12,0.33,0.11,0.03,0.04,0.01,0.176091259,0.635483747,0.161368002,-0.823908741,-0.638272164,-1.096910013,-0.886056648,-0.468521083,-0.920818754,-1.397940009,-1.301029996,-1.698970004,2.6,7.4,2.47,0.3,0.4,0.13,0.15
223,2,na,na,na,na,na,na,na,na,na,na,na,na,na,43,-2,19,0,0,2,0,0,M,5,10,69,0.927541684,0.373719715,3,2003,1.88,3.35,1.68,0.52,0.63,0.32,0.11,0.2,0.1,0.02,0.02,0.01,0.276461804,0.526339277,0.227886705,-0.27572413,-0.193820026,-0.48148606,-0.920818754,-0.677780705,-0.958607315,-1.522878745,-1.522878745,-1.698970004,3.1,5.5,2.75,0.8,0.9,0.45,0.2
224,4,na,na,na,na,na,na,na,na,na,na,na,na,na,72,24,46,0.14,0.3,U,P,S,M,3,na,72,0.945596387,0.325342085,3,2003,775,1364.99,341.25,773.22,1301.63,325.41,235,351.1,87.78,234.9,347.3,86.83,2.889307306,3.135132651,2.533085386,2.888308696,3.114490886,2.512444241,2.371086342,2.545443199,1.943445049,2.370901505,2.540717288,1.938719815,34,87.2,21.8,31.1,63.6,15.9,na
226,2,na,na,na,na,na,na,na,na,na,na,na,na,na,65,33,52,0,0,Z,0,0,0,6,na,83,0.989932495,0.141540295,3,2003,2.68,5.12,2.56,0.48,0.72,0.36,0.12,0.23,0.12,0.02,0.03,0.02,0.42975228,0.710117365,0.409933123,-0.30980392,-0.13667714,-0.431798276,-0.886056648,-0.619788758,-0.886056648,-1.522878745,-1.397940009,-1.522878745,4.2,8.2,4.1,0.4,0.6,0.3,na
228,5,na,na,na,na,na,na,na,na,na,na,na,na,na,74,25,44,0,0,Z,0,0,M,6,na,89,0.999250011,0.038722281,3,2003,2.26,6.6,1.32,1.14,1.36,0.27,0.25,0.97,0.19,0.06,0.14,0.03,0.356025857,0.820201459,0.123851641,0.06069784,0.136720567,-0.552841969,-0.585026652,-0.008773924,-0.698970004,-1.15490196,-0.823908741,-1.397940009,4.6,21.4,4.28,0.3,0.9,0.18,na
257,2,na,na,na,na,na,na,na,na,na,na,na,na,na,54,29,39,0,0,Z,0,0,M,6,na,334,-0.508670944,0.860961016,11,2003,0.5,0.94,0.47,0.04,0.04,0.02,0.03,0.05,0.03,0.01,0.01,0.01,-0.292429824,-0.022276395,-0.318758763,-1.301029996,-1.301029996,-1.522878745,-1.397940009,-1.22184875,-1.397940009,-1.698970004,-1.698970004,-1.698970004,2.36,4.46,2.23,0.14,0.27,0.14,na
258,2,na,na,na,na,na,na,na,na,na,na,na,na,na,40,28,34,0.21,2.1,2,P,S,M,3,na,339,-0.432775593,0.901501684,12,2003,0.42,0.83,0.42,0.01,0.01,0.01,0.02,0.04,0.02,0,0,0,-0.366531544,-0.075720714,-0.366531544,-1.698970004,-1.698970004,-1.698970004,-1.522878745,-1.301029996,-1.522878745,-2,-2,-2,2.28,4.53,2.27,0.15,0.27,0.14,
260,3,na,na,na,na,na,na,na,na,na,na,na,na,na,32,21,27,0.21,0.8,4,P,S,M,3,10,348,-0.288482433,0.957485188,12,2003,0.35,1.02,0.34,0.05,0.1,0.03,0.03,0.09,0.03,0.01,0.03,0.01,-0.443697499,0.012837225,-0.455931956,-1.22184875,-0.958607315,-1.397940009,-1.397940009,-1,-1.397940009,-1.698970004,-1.397940009,-1.698970004,2.51,7.32,2.44,0.39,0.96,0.32,0.4
262,5,na,na,na,na,na,na,na,na,na,na,na,na,na,49,10,34,0.08,0.1,4,P,S,M,3,10,359,-0.103101697,0.99467082,12,2003,0.48,1.76,0.35,0.13,0.31,0.06,0.04,0.14,0.03,0.01,0.02,0,-0.30980392,0.247973266,-0.443697499,-0.853871964,-0.494850022,-1.15490196,-1.301029996,-0.823908741,-1.397940009,-1.698970004,-1.522878745,-2,3.56,12.95,2.59,1.02,2.29,0.46,0.4
263,4,na,na,na,na,na,na,na,na,na,na,na,na,na,38,13,25,0.1,0,U,P,0,M,3,10,1,0.017213356,0.999851839,1,2004,0.36,1.26,0.32,0.07,0.2,0.05,0.03,0.11,0.03,0.01,0.01,0,-0.431798276,0.103803721,-0.48148606,-1.096910013,-0.677780705,-1.22184875,-1.397940009,-0.920818754,-1.397940009,-1.698970004,-1.698970004,-2,2.6,9.16,2.29,0.5,1.48,0.37,na
264,3,na,na,na,na,na,na,na,na,na,na,na,na,na,43,16,30,0,0,Z,0,0,M,6,10,10,0.171293144,0.985220107,1,2004,0.32,0.94,0.31,0.04,0.07,0.02,0.03,0.09,0.03,0,0,0,-0.48148606,-0.022276395,-0.494850022,-1.301029996,-1.096910013,-1.522878745,-1.397940009,-1,-1.397940009,-2,-2,-2,2.32,6.74,2.25,0.3,0.5,0.17,na
265,4,na,na,na,na,na,na,na,na,na,na,na,na,na,36,12,25,0.15,0,U,P,0,M,3,na,14,0.238672766,0.971100052,1,2004,0.35,1.31,0.33,0.04,0.07,0.02,0.03,0.12,0.03,0,0,0,-0.443697499,0.120573931,-0.468521083,-1.301029996,-1.096910013,-1.522878745,-1.397940009,-0.886056648,-1.397940009,-2,-2,-2,2.33,8.99,2.25,0.2,0.4,0.1,na
266,3,na,na,na,na,na,na,na,na,na,na,na,na,na,23,9,17,0.31,5.2,3.1,P,S,M,3,10,25,0.417193603,0.908817637,1,2004,0.41,1.2,0.4,0.05,0.12,0.04,0.04,0.1,0.03,0.01,0.01,0,-0.37675071,0.08278537,-0.387216143,-1.22184875,-0.886056648,-1.301029996,-1.301029996,-0.958607315,-1.397940009,-1.698970004,-1.698970004,-2,2.29,6.81,2.27,0.26,0.48,0.16,0.31
267,4,na,na,na,na,na,na,na,na,na,na,na,na,na,29,-16,12,0.43,2.7,1.7,P,S,M,3,10,31,0.508670944,0.860961016,1,2004,0.43,1.58,0.4,0.06,0.12,0.03,0.04,0.13,0.03,0.01,0.01,0,-0.356547324,0.201397124,-0.387216143,-1.15490196,-0.886056648,-1.397940009,-1.301029996,-0.853871964,-1.397940009,-1.698970004,-1.698970004,-2,2.22,8.19,2.05,0.36,0.57,0.14,0.17
268,2,na,na,na,na,na,na,na,na,na,na,na,na,na,31,17,25,0.36,3.9,1,P,S,M,3,na,37,0.594726687,0.803927962,2,2004,0.46,0.9,0.45,0.03,0.04,0.02,0.04,0.08,0.04,0,0,0,-0.327902142,-0.040958608,-0.337242168,-1.397940009,-1.301029996,-1.522878745,-1.301029996,-1.045757491,-1.301029996,-2,-2,-2,2.23,4.33,2.17,0.13,0.13,0.06,
269,2,na,na,na,na,na,na,na,na,na,na,na,na,na,29,10,21,0.03,0.8,0.6,P,S,M,3,10,40,0.635432301,0.772156584,2,2004,0.46,0.92,0.46,0.03,0.06,0.03,0.04,0.08,0.04,0,0,0,-0.327902142,-0.031517051,-0.327902142,-1.397940009,-1.15490196,-1.397940009,-1.301029996,-1.045757491,-1.301029996,-2,-2,-2,2.1,4.19,2.1,0.1,0.19,0.1,0.06
272,5,na,na,na,na,na,na,na,na,na,na,na,na,na,53,20,37,0,0,3,0,0,M,5,10,55,0.811539059,0.584298174,2,2004,1.02,3.46,0.69,0.4,0.5,0.1,0.11,0.35,0.07,0.05,0.07,0.01,0.012837225,0.540329475,-0.15490196,-0.387216143,-0.292429824,-0.958607315,-0.920818754,-0.443697499,-1.096910013,-1.22184875,-1.096910013,-1.698970004,4.19,14.26,2.85,1.62,2.03,0.41,0.3
276,4,na,na,na,na,na,na,na,na,na,na,na,na,na,43,21,33,0.12,0,Z,P,0,M,6,na,73,0.951056516,0.309016994,3,2004,3.6,10.02,2.51,2.05,2.26,0.57,0.19,0.56,0.14,0.02,0.04,0.01,0.557507202,1.001300933,0.401400541,0.31386722,0.356025857,-0.236572006,-0.698970004,-0.244125144,-0.823908741,-1.522878745,-1.301029996,-1.698970004,3.17,11.46,2.87,1.17,2.02,0.51,na
278,2,na,na,na,na,na,na,na,na,na,na,na,na,na,53,22,36,0,0,Z,0,0,M,6,na,80,0.98130647,0.192451582,3,2004,234,239.9,119.95,214,216.3,108.15,25,25.34,12.67,23.6,23.75,11.88,2.369234417,2.380048351,2.079036457,2.330434067,2.335076597,2.034066679,1.398113692,1.403977964,1.103119254,1.373095987,1.375846436,1.075181855,21.55,25.42,12.71,14.61,15.39,7.7,na
279,2,na,na,na,na,na,na,na,na,na,na,na,na,na,67,31,49,0,0,Z,0,0,M,6,na,83,0.989932495,0.141540295,3,2004,42,61,30.5,22,37.4,18.7,3.4,4.7,2.35,2,3.11,1.56,1.623352682,1.785401025,1.484442208,1.342620043,1.572987708,1.272073788,0.532754379,0.673020907,0.372912003,0.303196057,0.494154594,0.195899652,9.79,16.48,8.24,3.6,6.41,3.21,na
281,5,na,na,na,na,na,na,na,na,na,na,na,na,na,63,28,44,0,0,Z,0,0,M,6,na,90,0.999768502,0.021516097,3,2004,2.35,8.13,1.63,0.81,1.67,0.33,0.07,0.27,0.05,0.02,0.04,0.01,0.372912003,0.910624405,0.214843848,-0.086186148,0.225309282,-0.468521083,-1.096910013,-0.552841969,-1.22184875,-1.522878745,-1.301029996,-1.698970004,4,17.72,3.54,0.53,0.99,0.2,na
319,2,na,na,na,na,na,na,na,na,na,na,na,na,na,40,20,32,0,0,Z,0,0,M,6,na,350,-0.255353295,0.966847814,12,2004,0.66,1.32,0.66,0.07,0.13,0.07,0.04,0.08,0.04,0,0,0,-0.173925197,0.123851641,-0.173925197,-1.096910013,-0.853871964,-1.096910013,-1.301029996,-1.045757491,-1.301029996,-2,-2,-2,3.58,7.14,3.57,0.41,0.71,0.36,na
320,3,na,na,na,na,na,na,na,na,na,na,na,na,na,30,-3,12,0.38,4.9,2,P,S,M,3,3.33,355,-0.171293144,0.985220107,12,2004,0.6,1.63,0.54,0.12,0.21,0.07,0.04,0.11,0.04,0.01,0.02,0.01,-0.214670165,0.214843848,-0.259637311,-0.886056648,-0.657577319,-1.096910013,-1.301029996,-0.920818754,-1.301029996,-1.698970004,-1.522878745,-1.698970004,3.33,9.13,3.04,0.67,1.22,0.41,0.07
322,4,na,na,na,na,na,na,na,na,na,na,na,na,na,33,14,22,0.44,0,U,P,0,M,3,na,1,0.017213356,0.999851839,1,2005,0.55,2,0.5,0.05,0.12,0.03,0.05,0.17,0.04,0.01,0.01,0,-0.251811973,0.303196057,-0.292429824,-1.22184875,-0.886056648,-1.397940009,-1.22184875,-0.744727495,-1.301029996,-1.698970004,-1.698970004,-2,3.28,12.05,3.01,0.31,0.71,0.18,na
323,4,na,na,na,na,na,na,na,na,na,na,na,na,na,31,6,19,0.12,2,0.01,P,S,M,3,na,6,0.103101697,0.99467082,1,2005,0.52,1.97,0.49,0.06,0.13,0.03,0.05,0.18,0.05,0.01,0.02,0.01,-0.27572413,0.29666519,-0.301029996,-1.15490196,-0.853871964,-1.397940009,-1.22184875,-0.721246399,-1.22184875,-1.698970004,-1.522878745,-1.698970004,3.29,12.22,3.06,0.36,0.8,0.2,na
324,4,na,na,na,na,na,na,na,na,na,na,na,na,na,35,3,22,0.05,0.1,1,P,S,M,3,10,10,0.171293144,0.985220107,1,2005,0.54,1.89,0.47,0.17,0.23,0.06,0.05,0.18,0.05,0.01,0.02,0.01,-0.259637311,0.278753601,-0.318758763,-0.744727495,-0.619788758,-1.15490196,-1.22184875,-0.721246399,-1.22184875,-1.698970004,-1.522878745,-1.698970004,3.47,12.05,3.01,1.06,1.37,0.34,0.1
325,5,na,na,na,na,na,na,na,na,na,na,na,na,na,38,na,20,0.87,8.8,3.3,P,S,M,3,na,18,0.304921225,0.952377576,1,2005,0.46,2.22,0.44,0.08,0.22,0.04,0.05,0.24,0.05,0.01,0.04,0.01,-0.327902142,0.348304863,-0.346787486,-1.045757491,-0.638272164,-1.301029996,-1.22184875,-0.602059991,-1.22184875,-1.698970004,-1.301029996,-1.698970004,3.05,14.73,2.95,0.48,1.42,0.28,na
327,4,na,na,na,na,na,na,na,na,na,na,na,na,na,35,5,26,0,0,1,0,0,M,5,12.25,28,0.463550271,0.886070622,1,2005,0.47,1.77,0.44,0.14,0.23,0.06,0.05,0.19,0.05,0.01,0.01,0,-0.318758763,0.250420002,-0.346787486,-0.823908741,-0.619788758,-1.15490196,-1.22184875,-0.698970004,-1.22184875,-1.698970004,-1.698970004,-2,3.17,12.01,3,0.95,1.51,0.38,0.12
328,8,na,na,na,na,na,na,na,na,na,na,na,na,na,54,19,33,0.41,0.2,5.1,P,S,M,3,12.17,33,0.538005172,0.842941537,2,2005,538,825.94,103.24,519.2,756.81,94.6,87.3,149.03,18.63,87.03,147.87,18.48,2.730790348,2.916953758,2.01389006,2.715343048,2.8789926,1.975937042,1.941063988,2.173302842,1.270445908,1.939718882,2.169909442,1.266936911,49.27,93.58,11.7,44.2,63.21,5.75,0.62
330,2,na,na,na,na,na,na,na,na,na,na,na,na,na,34,20,29,0.48,4.8,1,P,S,M,3,11.67,51,0.769414827,0.638749422,2,2005,0.98,1.69,0.85,0.43,0.59,0.3,0.03,0.05,0.03,0.01,0.01,0.01,-0.004364805,0.230448921,-0.065501549,-0.356547324,-0.22184875,-0.508638306,-1.397940009,-1.22184875,-1.397940009,-1.698970004,-1.698970004,-1.698970004,3.02,5.59,2.8,0.71,0.97,0.49,0.12
331,3,na,na,na,na,na,na,na,na,na,na,na,na,na,36,13,26,0,0,1,0,0,M,5,12.4,54,0.801361088,0.598180914,2,2005,0.65,1.79,0.6,0.1,0.14,0.05,0.02,0.06,0.02,0,0,0,-0.180456064,0.255272505,-0.214670165,-0.958607315,-0.823908741,-1.22184875,-1.522878745,-1.15490196,-1.522878745,-2,-2,-2,2.83,7.74,2.58,0.46,0.63,0.21,0.12
332,3,na,na,na,na,na,na,na,na,na,na,na,na,na,34,13,25,0.1,1,U,P,S,M,3,12.22,58,0.840618406,0.541627821,2,2005,0.63,1.76,0.59,0.07,0.15,0.05,0.02,0.06,0.02,0,0,0,-0.193820026,0.247973266,-0.22184875,-1.096910013,-0.795880017,-1.22184875,-1.522878745,-1.15490196,-1.522878745,-2,-2,-2,2.75,7.71,2.57,0.29,0.6,0.2,na
333,1,na,na,na,na,na,na,na,na,na,na,na,na,na,36,5,21,0,0,2,0,0,M,5,13.33,62,0.875891705,0.482507742,3,2005,0.52,0.52,0.52,0.03,0.03,0.03,0.02,0.02,0.02,0,0,0,-0.27572413,-0.27572413,-0.27572413,-1.397940009,-1.397940009,-1.397940009,-1.522878745,-1.522878745,-1.522878745,-2,-2,-2,2.31,2.31,2.31,0.12,0.12,0.06,0.27
334,5,na,na,na,na,na,na,na,na,na,na,na,na,na,64,16,37,0,0,2,0,0,M,5,16.67,63,0.88406751,0.467359217,3,2005,521,602.75,120.55,520.15,586.62,117.32,185,187.34,37.47,184.89,186.81,37.36,2.716846059,2.780144424,2.081203239,2.716136952,2.768364269,2.069409071,2.267195203,2.272653697,1.573799582,2.266936911,2.271423368,1.572523098,36.87,59.38,11.88,33.38,42.83,8.57,0.33
336,5,na,na,na,na,na,na,na,na,na,na,na,na,na,40,10,27,0,0,Z,0,0,M,6,na,72,0.945596387,0.325342085,3,2005,3.02,12.48,2.5,0.96,2.23,0.45,0.07,0.31,0.06,0.02,0.03,0.01,0.481442629,1.096562438,0.399673721,-0.013228266,0.350248018,-0.337242168,-1.096910013,-0.494850022,-1.15490196,-1.522878745,-1.397940009,-1.698970004,3.65,15.63,3.13,0.6,1.43,0.29,na
338,9,na,na,na,na,na,na,na,na,na,na,na,na,na,71,14,39,0,0,9,0,0,M,5,na,80,0.98130647,0.192451582,3,2005,610,1197.78,133.09,533.1,1020.78,113.42,195,347.2,38.58,181,317.19,35.24,2.785336955,3.078380683,2.124178055,2.726816829,3.008936407,2.054727932,2.290056882,2.540592225,1.586474779,2.257702568,2.501333179,1.547159121,50.32,160.92,17.88,25.21,74.17,8.24,na
373,3,na,na,na,na,na,na,na,na,na,na,na,na,na,23,10,18,0.39,5.5,1.5,P,S,M,3,na,335,-0.49377555,0.869589389,12,2005,0.59,1.7,0.57,0.08,0.13,0.04,0.02,0.06,0.02,0,0,0,-0.22184875,0.23299611,-0.236572006,-1.045757491,-0.853871964,-1.301029996,-1.522878745,-1.15490196,-1.522878745,-2,-2,-2,2.04,5.73,1.91,0.23,0.29,0.1,na
374,2,na,na,na,na,na,na,na,na,na,na,na,na,na,17,-6,4.5,0,0,1,0,0,M,5,na,339,-0.432775593,0.901501684,12,2005,0.43,0.8,0.4,0.08,0.1,0.05,0.02,0.04,0.02,0,0,0,-0.356547324,-0.091514981,-0.387216143,-1.045757491,-0.958607315,-1.22184875,-1.522878745,-1.301029996,-1.522878745,-2,-2,-2,1.71,3.24,1.62,0.18,0.18,0.09,na
375,4,na,na,na,na,na,na,na,na,na,na,na,na,na,35,0,17.75,0.05,0.9,1.8,P,S,M,3,na,342,-0.385663406,0.922639549,12,2005,0.47,1.7,0.43,0.09,0.21,0.05,0.02,0.08,0.02,0,0,0,-0.318758763,0.23299611,-0.356547324,-1,-0.657577319,-1.22184875,-1.522878745,-1.045757491,-1.522878745,-2,-2,-2,2.42,8.54,2.14,0.64,1.17,0.29,na
376,3,na,na,na,na,na,na,na,na,na,na,na,na,na,33,19,27.33333333,0.33,4,1,P,S,M,3,na,347,-0.304921225,0.952377576,12,2005,0.4,1.15,0.38,0.11,0.22,0.07,0.02,0.06,0.02,0,0,0,-0.387216143,0.064457989,-0.408935393,-0.920818754,-0.638272164,-1.096910013,-1.522878745,-1.15490196,-1.522878745,-2,-2,-2,2.57,7.33,2.44,0.55,1.26,0.42,na
378,3,na,na,na,na,na,na,na,na,na,na,na,na,na,35,31,32.66666667,0,0,2,0,0,M,5,27.78,360,-0.085964799,0.996298175,12,2005,0.22,0.65,0.22,0.01,0.02,0.01,0.02,0.06,0.02,0,0,0,-0.638272164,-0.180456064,-0.638272164,-1.698970004,-1.522878745,-1.698970004,-1.522878745,-1.15490196,-1.522878745,-2,-2,-2,2.16,6.24,2.08,0.18,0.3,0.1,0.56
380,3,na,na,na,na,na,na,na,na,na,na,na,na,na,39,33,36,0.06,0,U,P,0,M,3,na,2,0.034421612,0.999407401,1,2006,0.26,0.73,0.24,0.05,0.11,0.04,0.02,0.06,0.02,0.01,0.02,0.01,-0.568636236,-0.13076828,-0.602059991,-1.22184875,-0.920818754,-1.301029996,-1.522878745,-1.15490196,-1.522878745,-1.698970004,-1.522878745,-1.698970004,2.59,7.31,2.44,0.54,1.15,0.38,na
381,3,na,na,na,na,na,na,na,na,na,na,na,na,na,38,26,31,0,0,Z,0,0,M,6,na,6,0.103101697,0.99467082,1,2006,0.24,0.7,0.23,0.05,0.1,0.03,0.02,0.06,0.02,0.01,0.02,0.01,-0.602059991,-0.148741651,-0.619788758,-1.22184875,-0.958607315,-1.397940009,-1.522878745,-1.15490196,-1.522878745,-1.698970004,-1.522878745,-1.698970004,2.43,7.11,2.37,0.44,0.93,0.31,na
382,5,na,na,na,na,na,na,na,na,na,na,na,na,na,45,19,33,0,0,Z,0,0,M,6,na,12,0.2051045,0.97874008,1,2006,0.22,1.02,0.2,0.04,0.15,0.03,0.02,0.07,0.01,0.01,0.02,0,-0.638272164,0.012837225,-0.677780705,-1.301029996,-0.795880017,-1.397940009,-1.522878745,-1.096910013,-1.698970004,-1.698970004,-1.522878745,-2,2.33,10.74,2.15,0.42,1.46,0.29,na
383,1,na,na,na,na,na,na,na,na,na,na,na,na,na,33,19,26,0.02,0.1,U,P,S,M,3,na,17,0.288482433,0.957485188,1,2006,0.19,0.19,0.19,0.01,0.01,0.01,0.01,0.01,0.01,0,0,0,-0.698970004,-0.698970004,-0.698970004,-1.698970004,-1.698970004,-1.698970004,-1.698970004,-1.698970004,-1.698970004,-2,-2,-2,2.05,2.05,2.05,0.14,0.56,0.28,na
384,2,na,na,na,na,na,na,na,na,na,na,na,na,na,40,25,31,0,0,Z,0,0,M,6,na,19,0.321269662,0.946987753,1,2006,0.2,0.38,0.19,0.03,0.04,0.02,0.01,0.02,0.01,0,0,0,-0.677780705,-0.408935393,-0.698970004,-1.397940009,-1.301029996,-1.522878745,-1.698970004,-1.522878745,-1.698970004,-2,-2,-2,2.19,4.2,2.1,0.34,0.5,0.25,na
385,1,na,na,na,na,na,na,na,na,na,na,na,na,na,40,30,35,0,0,Z,0,0,M,6,na,24,0.401487989,0.915864288,1,2006,0.23,0.23,0.23,0.05,0.05,0.05,0.02,0.02,0.02,0.01,0.01,0.01,-0.619788758,-0.619788758,-0.619788758,-1.22184875,-1.22184875,-1.22184875,-1.522878745,-1.522878745,-1.522878745,-1.698970004,-1.698970004,-1.698970004,2.57,2.57,2.57,0.6,0.64,0.32,na
386,1,na,na,na,na,na,na,na,na,na,na,na,na,na,52,42,47,0,0,Z,0,0,M,6,na,27,0.448229342,0.893918597,1,2006,0.23,0.23,0.23,0.03,0.03,0.03,0.02,0.02,0.02,0.01,0.01,0.01,-0.619788758,-0.619788758,-0.619788758,-1.397940009,-1.397940009,-1.397940009,-1.522878745,-1.522878745,-1.522878745,-1.698970004,-1.698970004,-1.698970004,2.65,2.65,2.65,0.37,0.43,0.22,na
388,3,na,na,na,na,na,na,na,na,na,na,na,na,na,52,22,35.33333333,0.1,2,U,P,S,M,3,na,32,0.523415607,0.852077521,2,2006,0.25,0.73,0.24,0.03,0.05,0.02,0.02,0.06,0.02,0.01,0.01,0,-0.585026652,-0.13076828,-0.602059991,-1.397940009,-1.22184875,-1.522878745,-1.522878745,-1.15490196,-1.522878745,-1.698970004,-1.698970004,-2,3.01,8.78,2.93,0.41,0.71,0.24,na
389,4,na,na,na,na,na,na,na,na,na,na,na,na,na,31,13,21.5,0,0,2,0,0,M,5,na,35,0.566701756,0.823923006,2,2006,0.2,0.78,0.2,0.01,0.02,0.01,0.01,0.04,0.01,0,0,0,-0.677780705,-0.102372909,-0.677780705,-1.698970004,-1.522878745,-1.698970004,-1.698970004,-1.301029996,-1.698970004,-2,-2,-2,2.39,9.41,2.35,0.14,0.21,0.05,na
390,2,na,na,na,na,na,na,na,na,na,na,na,na,na,32,18,26.5,0.04,0.5,2,P,S,M,3,na,41,0.648629561,0.761104259,2,2006,0.24,0.47,0.24,0.05,0.09,0.05,0.02,0.04,0.02,0.01,0.02,0.01,-0.602059991,-0.318758763,-0.602059991,-1.22184875,-1,-1.22184875,-1.522878745,-1.301029996,-1.522878745,-1.698970004,-1.522878745,-1.698970004,2.66,5.01,2.51,0.45,0.59,0.3,na
391,4,na,na,na,na,na,na,na,na,na,na,na,na,na,39,11,24.5,0.44,5.7,0.7,P,S,M,3,na,44,0.687052767,0.726607525,2,2006,0.33,1.2,0.3,0.08,0.2,0.05,0.02,0.08,0.02,0,0,0,-0.468521083,0.08278537,-0.508638306,-1.045757491,-0.677780705,-1.22184875,-1.522878745,-1.045757491,-1.522878745,-2,-2,-2,2.78,9.78,2.45,0.5,1.34,0.34,na
392,14,na,na,na,na,na,na,na,na,na,na,na,na,na,45,-4,26.92857143,0,0,4,0,0,M,5,na,50,0.758305808,0.651898996,2,2006,0.91,9.16,0.65,0.22,0.92,0.07,0.07,0.66,0.05,0.01,0.05,0,-0.036212173,0.962369336,-0.180456064,-0.638272164,-0.031517051,-1.096910013,-1.096910013,-0.173925197,-1.22184875,-1.698970004,-1.22184875,-2,2.97,36.92,2.64,1.05,3.58,0.26,na
395,4,na,na,na,na,na,na,na,na,na,na,na,na,na,43,11,27.75,0.44,4.7,3,P,S,M,3,na,75,0.961129784,0.276096973,3,2006,0.55,2,0.5,0.09,0.17,0.04,0.03,0.1,0.03,0.01,0.02,0.01,-0.251811973,0.303196057,-0.292429824,-1,-0.744727495,-1.301029996,-1.397940009,-0.958607315,-1.397940009,-1.698970004,-1.522878745,-1.698970004,2.41,9.18,2.3,0.2,0.41,0.1,na
396,2,na,na,na,na,na,na,na,na,na,na,na,na,na,44,23,33,0,0,Z,0,0,M,6,na,80,0.98130647,0.192451582,3,2006,0.78,1.44,0.72,0.16,0.2,0.1,0.05,0.09,0.05,0.01,0.01,0.01,-0.102372909,0.161368002,-0.13667714,-0.769551079,-0.677780705,-0.958607315,-1.22184875,-1,-1.22184875,-1.698970004,-1.698970004,-1.698970004,2.91,5.51,2.76,0.35,0.39,0.2,na
397,4,na,na,na,na,na,na,na,na,na,na,na,na,na,52,24,38.75,0.02,0,U,P,0,M,3,na,83,0.989932495,0.141540295,3,2006,7.16,11.28,2.82,5.92,7.1,1.78,1.59,3.22,0.81,1.43,2.78,0.7,0.855519156,1.052693942,0.451786436,0.773054693,0.851869601,0.252853031,0.204119983,0.509202522,-0.086186148,0.158362492,0.445604203,-0.148741651,5.8,18.01,4.5,1.92,4.13,1.03,na
427,3,na,na,na,na,na,na,na,na,na,na,na,na,na,72,44,57.33333333,0.01,0,0.2,P,0,M,3,na,311,-0.801361088,0.598180914,11,2006,0.38,1.04,0.35,0.1,0.19,0.06,0.02,0.05,0.02,0.01,0.02,0.01,-0.408935393,0.021189299,-0.443697499,-0.958607315,-0.698970004,-1.15490196,-1.522878745,-1.22184875,-1.522878745,-1.698970004,-1.522878745,-1.698970004,2.44,6.63,2.21,0.6,1.2,0.4,na
434,2,na,na,na,na,na,na,na,na,na,na,na,na,na,23,13,18,0.3,4,1.5,P,S,M,3,na,14,0.238672766,0.971100052,1,2007,0.44,0.86,0.43,0.16,0.3,0.15,0.02,0.03,0.02,0.01,0.01,0.01,-0.346787486,-0.060480747,-0.356547324,-0.769551079,-0.508638306,-0.795880017,-1.522878745,-1.397940009,-1.522878745,-1.698970004,-1.698970004,-1.698970004,1.4,2.76,1.38,0.52,1,0.5,na
435,2,na,na,na,na,na,na,na,na,na,na,na,na,na,28,14,21.5,0.01,0.7,1,P,S,M,3,na,18,0.304921225,0.952377576,1,2007,0.49,0.9,0.45,0.12,0.16,0.08,0.02,0.04,0.02,0.01,0.02,0.01,-0.301029996,-0.040958608,-0.337242168,-0.886056648,-0.769551079,-1.045757491,-1.522878745,-1.301029996,-1.522878745,-1.698970004,-1.522878745,-1.698970004,1.53,2.82,1.41,0.37,0.5,0.25,na
436,4,na,na,na,na,na,na,na,na,na,na,na,na,na,27,13,21.25,0.23,3.6,1,P,S,M,3,na,21,0.353676122,0.935367949,1,2007,0.48,1.83,0.46,0.14,0.35,0.09,0.02,0.08,0.02,0.01,0.02,0.01,-0.30980392,0.264817823,-0.327902142,-0.823908741,-0.443697499,-1,-1.522878745,-1.045757491,-1.522878745,-1.698970004,-1.522878745,-1.698970004,1.48,5.69,1.42,0.42,1.13,0.28,na
437,3,na,na,na,na,na,na,na,na,na,na,na,na,na,43,10,23.66666667,0,0.3,2.7,0,S,M,5,na,25,0.417193603,0.908817637,1,2007,0.54,1.37,0.46,0.21,0.31,0.1,0.03,0.07,0.02,0.01,0.01,0,-0.259637311,0.139879086,-0.327902142,-0.657577319,-0.494850022,-0.958607315,-1.397940009,-1.096910013,-1.522878745,-1.698970004,-1.698970004,-2,1.65,4.18,1.39,0.65,0.96,0.32,na
438,3,na,na,na,na,na,na,na,na,na,na,na,na,na,20,-7,7.333333333,0.01,0.4,1,P,S,M,3,na,31,0.508670944,0.860961016,1,2007,0.37,1,0.33,0.16,0.26,0.09,0.02,0.06,0.02,0.01,0.02,0.01,-0.420216403,0.004321374,-0.468521083,-0.769551079,-0.568636236,-1,-1.522878745,-1.15490196,-1.522878745,-1.698970004,-1.522878745,-1.698970004,1.12,3.02,1.01,0.49,0.78,0.26,na
439,3,na,na,na,na,na,na,na,na,na,na,na,na,na,11,-12,-0.333333333,0.12,1.4,1,P,S,M,3,na,37,0.594726687,0.803927962,2,2007,0.23,0.65,0.22,0.07,0.09,0.03,0.02,0.05,0.02,0,0,0,-0.619788758,-0.180456064,-0.638272164,-1.096910013,-1,-1.397940009,-1.522878745,-1.22184875,-1.522878745,-2,-2,-2,0.67,1.89,0.63,0.21,0.24,0.08,na
440,8,na,na,na,na,na,na,na,na,na,na,na,na,na,52,-2,27.25,0,0,5,0,0,M,5,na,47,0.723644038,0.690173388,2,2007,9.94,24.32,3.04,9.45,19.24,2.41,0.7,1.35,0.17,0.65,1.01,0.13,0.997823081,1.386142109,0.484299839,0.975891136,1.284430734,0.383815366,-0.148741651,0.133538908,-0.744727495,-0.180456064,0.008600172,-0.853871964,3.8,14.42,1.8,2.42,4.93,0.45,na
441,3,na,na,na,na,na,na,na,na,na,na,na,na,na,31,22,27.33333333,2.72,26.8,12.9,P,S,M,3,na,55,0.811539059,0.584298174,2,2007,1.28,2.79,0.93,0.26,0.37,0.12,0.06,0.17,0.06,0.01,0.02,0.01,0.11058971,0.447158031,-0.026872146,-0.568636236,-0.420216403,-0.886056648,-1.15490196,-0.744727495,-1.15490196,-1.698970004,-1.522878745,-1.698970004,1.79,4.87,1.62,0.33,0.62,0.21,na
442,4,na,na,na,na,na,na,na,na,na,na,na,na,na,34,3,24.25,0.86,7.4,3.8,P,S,M,3,na,60,0.858763958,0.512371412,3,2007,0.69,2.3,0.58,0.11,0.28,0.07,0.06,0.2,0.05,0.01,0.02,0.01,-0.15490196,0.36361198,-0.229147988,-0.920818754,-0.537602002,-1.096910013,-1.15490196,-0.677780705,-1.22184875,-1.698970004,-1.522878745,-1.698970004,1.75,5.85,1.46,0.28,0.71,0.18,na
443,13,na,na,na,na,na,na,na,na,na,na,na,na,na,54,12,35.61538462,0,0,16,0,0,M,5,na,66,0.907013813,0.421100871,3,2007,1230,1909.26,146.87,1176,1709.68,131.51,356,529.37,40.72,351.78,512.9,39.45,3.089908642,3.280867349,2.166962664,3.070411015,3.232917372,2.1189918,2.551462197,2.72376753,1.60991441,2.54628349,2.710041166,1.596157081,80.98,159.79,12.29,69.89,99.33,7.64,na
445,2,na,na,na,na,na,na,na,na,na,na,na,na,na,80,41,60.5,0.22,0,U,P,0,M,3,na,83,0.989932495,0.141540295,3,2007,3.11,5.71,2.86,1.33,2.15,1.08,1.06,1.9,0.95,0.27,0.32,0.16,0.494154594,0.757396029,0.457881897,0.127104798,0.334453751,0.037426498,0.029383778,0.281033367,-0.017728767,-0.552841969,-0.48148606,-0.769551079,5,9.49,4.75,0.56,0.61,0.31,na
446,2,na,na,na,na,na,na,na,na,na,na,na,na,na,60,42,51,0.25,0,U,P,0,M,3,na,86,0.995918996,0.09025161,3,2007,1.53,2.98,1.49,0.24,0.4,0.2,0.68,1.32,0.66,0.14,0.24,0.12,0.187520721,0.475671188,0.176091259,-0.602059991,-0.387216143,-0.677780705,-0.161150909,0.123851641,-0.173925197,-0.823908741,-0.602059991,-0.886056648,4.08,8.11,4.06,0.36,0.67,0.34,na
