storm_num,num_days,startdatetime,enddatetime,num_events,theisen,p5max,p10max,p15max,p30max,p60max,ei,duration,intense,ap_1day,ap_3day,ap_5day,tmax,tmin,tmean,nws_prec,nws_snow,melt_snow,p,s,m,event_type,sweq,start_day,end_day,month,year,ptot_max,ptot_tot,ptot_avg,pstorm_max,pstorm_tot,pstorm_avg,stot_max,stot_tot,stot_avg,sstorm_max,sstorm_tot,sstorm_avg,qtot_max,qtot_tot,qtot_avg,qstorm_max,qstorm_tot,qstorm_avg,melt_water,total_water
1,8,10/17/1990 16:00,10/21/1990 11:50,2,1.05,0.83,0.82,0.65,0.45,0.37,2.374,91.833,0.011,0.004,0,0,72,29,46,1.31,0,0,P,,,1,,10/17/1990,10/24/1990,10,1990,10.89,67.24,8.41,3.69,10.52,1.32,0.26,1.6,0.2,0.09,0.24,0.03,11,69.6,8.7,3.9,11.6,1.05,0.00,1.05
2,5,11/3/1990 3:05,11/4/1990 1:00,1,0.49,0.26,0.22,0.21,0.17,0.14,0.472,21.917,0.022,0.016,0.016,0.016,57,23,37,0.7,NA,0,P,,,1,,11/3/1990,11/7/1990,11,1990,9.84,44.07,8.81,1.98,6.48,1.3,0.23,1.04,0.21,0.04,0.15,0.03,8.8,39.3,7.86,1.5,4.9,0.98,0.00,0.49
3,6,11/20/1990 21:40,11/21/1990 4:35,1,0.39,0.43,0.41,0.39,0.3,0.23,0.748,6.917,0.056,0,0,0,67,30,46,0.51,0,0,P,,,1,,11/20/1990,11/25/1990,11,1990,11.13,53.84,8.97,3.11,6.12,1.02,0.23,1.1,0.18,0.07,0.15,0.03,11,53.4,8.9,3.2,6.6,1.1,0.00,0.39
4,3,11/26/1990 21:05,11/27/1990 5:05,1,0.27,0.31,0.28,0.26,0.24,0.17,0.43,8,0.034,0,0,0,67,23,42,0.34,0,0,P,,,1,,11/26/1990,11/28/1990,11,1990,10,26.5,8.83,2.38,3.64,1.21,0.19,0.51,0.17,0.04,0.06,0.02,10,26.8,8.93,2.2,3.4,1.13,0.00,0.27
5,8,,,,,,,,,,,,,,,,48,18,32,0,0,8,,,M,5,17.80%,12/6/1990,12/13/1990,12,1990,7.4,56.31,7.04,1.09,6.35,0.79,0.14,1.09,0.14,0.02,0.05,0.01,8.2,64.8,8.1,1.2,8,0.73,1.42,1.42
6,3,,,,,,,,,,,,,,,,34,26,31,0.4,5,2.5,P,S,M,3,12.92%,12/15/1990,12/17/1990,12,1990,6.29,18.45,6.15,0.55,1.23,0.41,0.15,0.45,0.15,0,0,0,8.2,24.6,8.2,0,0,0,0.32,0.72
7,6,,,,,,,,,,,,,,,,37,-15,12,0.41,NA,2,P,S,M,3,11.63%,12/18/1990,12/23/1990,12,1990,5.88,31.63,5.27,1.24,2.67,0.45,0.16,0.92,0.15,0.02,0.06,0.01,8.2,46.6,7.77,1.2,2.2,0.37,0.23,0.64
8,5,,,,,,,,,,,,,,,,34,-9,9,0.23,NA,U,P,S,M,3,23.67%,12/29/1990,1/2/1991,12,1990,4.35,19.2,3.84,0.53,1.46,0.29,0.17,0.82,0.16,0.03,0.04,0.01,7.8,36,7.2,1.4,1.6,0.32,NA,NA
9,4,,,,,,,,,,,,,,,,26,-12,8,0.38,5,U,P,S,M,3,13.62%,1/5/1991,1/8/1991,1,1991,3.46,13.76,3.44,0.05,0.12,0.03,0.17,0.68,0.17,0,0,0,7,28,7,0,0,0,NA,NA
10,9,,,,,,,,,,,,,,,,37,10,24,0.33,NA,4,P,S,M,3,15.39%,1/9/1991,1/17/1991,1,1991,3.7,32.26,3.58,0.08,0.38,0.04,0.18,1.57,0.17,0,0,0,7.2,63.8,7.09,0.2,0.8,0.09,0.62,0.95
11,4,,,,,,,,,,,,,,,,45,-15,18,0.02,0.5,2,P,S,M,3,18.65%,1/19/1991,1/22/1991,1,1991,3.65,14.2,3.55,0.27,0.68,0.17,0.18,0.7,0.18,0.02,0.06,0.02,7,27.2,6.8,0.6,1.6,0.4,0.37,0.39
12,6,,,,,,,,,,,,,,,,48,5,33,0,0,7,,,M,5,16.18%,2/1/1991,2/6/1991,2,1991,4.34,24.8,4.13,0.38,1.52,0.25,0.2,1.17,0.2,0.02,0.09,0.02,7.8,44.7,7.45,0.8,3.1,0.52,1.13,1.13
13,7,,,,,,,,,,,,,,,,44,-4,22,0.12,1.5,U,P,S,M,3,9.00%,2/9/1991,2/15/1991,2,1991,4.91,32.48,4.64,0.41,1.7,0.24,0.23,1.5,0.21,0.02,0.09,0.01,8.6,56.4,8.06,0.8,4.3,0.36,NA,NA
14,2,,,,,,,,,,,,,,,,36,-1,23,0,0,3,,,M,5,6.00%,2/16/1991,2/17/1991,2,1991,4.36,8.58,4.29,0.14,0.14,0.07,0.2,0.39,0.2,0.01,0.01,0.01,7.4,14.6,7.3,0.2,0.2,0.1,0.18,0.18
15,7,,,,,,,,,,,,,,,,51,8,29,0.04,0,1,P,,M,3,,2/19/1991,2/25/1991,2,1991,7.13,40.87,5.84,2.4,6.26,0.89,0.34,1.94,0.28,0.12,0.28,0.04,12,68.8,9.83,4,11.6,0.97,NA,NA
16,7,,,,,,,,,,,,,,,,50,15,31,0.93,0,U,P,,M,3,,3/1/1991,3/7/1991,3,1991,59.4,155.04,22.15,54.29,103.79,14.83,3.13,8.32,1.19,2.87,5.51,0.79,100,261,37.29,91.4,179.8,14.98,NA,NA
17,4,,,,,,,,,,,,,,,,48,20,35,0.08,0,Z,P,,M,6,,3/9/1991,3/12/1991,3,1991,11.29,42.44,10.61,4.76,12.58,3.15,0.68,2.51,0.63,0.28,0.72,0.18,19,72,18,8,22,5.5,NA,NA
18,2,,,,,,,,,,,,,,,,42,27,34,0.91,8,3,P,S,M,3,18.13%,3/13/1991,3/14/1991,3,1991,10.1,16.63,8.32,3.57,3.57,1.79,0.62,1.02,0.51,0.22,0.22,0.11,17,28,14,6,6,3,0.54,1.45
19,8,3/17/1991 10:10,3/23/1991 11:10,2,1.34,0.76,0.75,0.68,0.57,0.4,3.686,145,0.009,0,0,0,64,30,44,1.1,0,5,P,,M,2,36.83%,3/16/1991,3/23/1991,3,1991,33.03,188.17,23.52,21.4,73.05,9.13,2.3,12.58,1.57,1.42,4.78,0.6,56,317,39.63,36,137,12.45,1.84,3.18
20,8,3/26/1991 22:40,3/27/1991 17:05,1,1.45,0.68,0.6,0.54,0.37,0.33,3.918,18.417,0.079,0.002,0.002,0.864,80,20,43,1.44,0,U,P,,,2,,3/26/1991,4/2/1991,3,1991,55.89,159.8,19.98,41.87,60.44,7.56,4.11,12.02,1.5,3.09,4.46,0.56,94,269,33.63,70,138,12.55,NA,NA
21,3,,,,,,,,,,,,,,,,87,46,65,0.04,0,U,P,,M,3,,4/4/1991,4/6/1991,4,1991,10.71,30.72,10.24,1.55,3.24,1.08,0.88,2.55,0.85,0.1,0.21,0.07,18,51,17,3,6,2,NA,NA
22,3,4/8/1991 8:40,4/9/1991 19:20,1,1.26,0.46,0.43,0.32,0.27,0.18,2.092,34.667,0.036,0.002,0.002,0.021,77,32,51,1.29,0,0,P,,,1,,4/8/1991,4/10/1991,4,1991,22.11,44.98,14.99,11.3,14.2,4.73,1.93,3.94,1.31,0.96,1.22,0.41,37,76,25.33,19,25,8.33,0.00,1.26
23,7,4/11/1991 23:50,4/14/1991 9:05,2,2.01,0.41,0.37,0.36,0.34,0.31,3.978,57.25,0.035,0.002,0.329,1.264,62,35,45,2.52,0,0,P,,,1,,4/11/1991,4/17/1991,4,1991,763.08,1411.1,201.59,752.27,1198.87,171.27,82.92,112.56,16.08,81.95,103.89,14.84,92,356,50.86,74,242,20.17,0.00,2.01
24,6,4/27/1991 2:25,4/27/1991 6:20,1,0.24,0.43,0.41,0.34,0.22,0.12,0.328,3.917,0.061,0,0,0.32,74,38,56,0.65,0,0,P,,,1,,4/27/1991,5/2/1991,4,1991,28.25,139.55,23.26,7.51,20.63,3.44,0.73,3.4,0.57,0.22,0.62,0.1,22,115,19.17,4,13,2.17,0.00,0.24
25,3,5/5/1991 4:50,5/5/1991 15:20,1,0.69,0.29,0.22,0.21,0.17,0.14,0.688,10.5,0.065,0,0.007,0.009,60,39,48,0.68,0,0,P,,,1,,5/5/1991,5/7/1991,5,1991,22.46,61.03,20.34,7.1,14.95,4.98,0.47,1.26,0.42,0.17,0.36,0.12,22,62,20.67,5,11,3.67,0.00,0.69
26,2,5/13/1991 5:30,5/13/1991 7:15,1,0.86,3.16,2.71,2.43,1.55,0.86,12.945,1.75,0.493,0,0,0.047,89,62,75,0.36,0,0,P,,,1,,5/13/1991,5/14/1991,5,1991,32.49,54.47,27.24,18.48,22.06,11.03,0.62,1.04,0.52,0.36,0.42,0.21,34,56,28,18,23,11.5,0.00,0.86
27,3,5/17/1991 16:40,5/17/1991 20:35,1,0.29,0.26,0.22,0.23,0.21,0.15,0.386,3.917,0.073,0,0.181,1.043,71,46,55,0.35,0,0,P,,,1,,5/17/1991,5/19/1991,5,1991,22.1,61.05,20.35,3.7,5.71,1.9,0.43,1.19,0.4,0.07,0.1,0.03,20,54,18,3,5,1.67,0.00,0.29
28,3,5/21/1991 12:35,5/22/1991 5:25,1,0.36,1.1,1.05,0.86,0.51,0.31,1.417,16.833,0.021,0,0,0.475,86,62,73,1.1,0,0,P,,,1,,5/21/1991,5/23/1991,5,1991,24.37,65.95,21.98,5.83,10.33,3.44,0.49,1.32,0.44,0.12,0.21,0.07,19,51,17,4,6,2,0.00,0.36
29,4,5/25/1991 12:35,5/25/1991 23:55,1,1.03,0.65,0.61,0.59,0.49,0.46,3.693,11.333,0.091,0.014,0.124,0.48,93,64,76,1.47,0,0,P,,,1,,5/25/1991,5/28/1991,5,1991,57.82,143.41,35.85,36.01,56.17,14.04,1.19,2.96,0.74,0.75,1.2,0.3,39,95,23.75,24,35,8.75,0.00,1.03
30,9,5/29/1991 16:05,5/31/1991 15:25,2,0.68,1.04,1.03,0.87,0.48,0.25,1.853,47.333,0.014,0,0.007,1.09,88,55,71,1.15,0,0,P,,,1,,5/29/1991,6/6/1991,5,1991,48.5,314.09,34.9,27.54,123.26,13.7,1.03,6.89,0.77,0.44,2.3,0.26,27,184,20.44,10,31,3.44,0.00,0.68
31,2,6/10/1991 12:45,6/10/1991 15:40,1,0.46,0.68,0.65,0.61,0.39,0.3,1.351,2.917,0.157,0,0,0,82,64,74,0.81,0,0,P,,,1,,6/10/1991,6/11/1991,6,1991,4.88,8.61,4.31,2.48,3.81,1.91,0.27,0.51,0.26,0.09,0.15,0.08,23,45,22.5,5,9,4.5,0.00,0.46
32,6,6/13/1991 19:45,6/15/1991 15:20,2,4.91,2.08,1.66,1.56,1.18,1.08,46.325,43.583,0.113,0,0.005,0.464,88,60,74,5.18,0,0,P,,,1,,6/13/1991,6/18/1991,6,1991,152.26,183.58,30.6,149.85,164.47,27.41,10.42,12.46,2.08,10.25,11.19,1.87,1030,1213,202.17,1010,1086,181,0.00,4.91
33,3,6/21/1991 14:20,6/22/1991 21:55,1,0.66,1.97,1.77,1.57,1.11,0.59,6.4,31.583,0.021,0,0,0,84,58,68,0.7,0,0,P,,,1,,6/21/1991,6/23/1991,6,1991,22.29,44,14.67,15.23,20.73,6.91,1.23,2.39,0.8,0.81,1.09,0.36,73,135,45,46,62,20.67,0.00,0.66
34,4,7/7/1991 3:45,7/7/1991 14:50,1,0.53,0.8,0.75,0.74,0.54,0.28,2.188,11.083,0.048,0,0,0,85,63,74,0.79,0,0,P,,,1,,7/7/1991,7/10/1991,7,1991,31.16,113.11,28.28,14.03,21.22,5.31,0.7,2.36,0.59,0.19,0.35,0.09,24,81,20.25,6,9,2.25,0.00,0.53
35,6,7/11/1991 19:25,7/12/1991 10:30,1,0.65,0.55,0.47,0.44,0.38,0.27,1.673,15.083,0.043,0,0.008,0.542,88,59,75,0.78,0,0,P,,,1,,7/11/1991,7/16/1991,7,1991,31.69,146.39,24.4,6.77,18.15,3.03,0.64,2.98,0.5,0.14,0.34,0.06,23,112,18.67,5,8,1.33,0.00,0.65
36,4,7/28/1991 8:55,7/28/1991 23:15,1,0.45,0.18,0.14,0.13,0.13,0.12,0.335,14.333,0.031,0,0,0,88,55,69,0.49,0,0,P,,,1,,7/28/1991,7/31/1991,7,1991,17.11,61.98,15.5,3.39,7.1,1.78,0.47,1.74,0.44,0.05,0.06,0.02,20,73,18.25,3,5,1.25,0.00,0.45
37,3,8/3/1991 21:15,8/5/1991 11:50,2,0.74,0.84,0.78,0.76,0.66,0.46,3.28,38.583,0.019,0,0,0,78,60,71,0.06,0,0,P,,,1,,8/3/1991,8/5/1991,8,1991,15.32,40.82,13.61,3.6,5.66,1.89,0.53,1.4,0.47,0.1,0.11,0.04,20,54,18,4,6,2,0.00,0.74
38,9,8/7/1991 5:05,8/8/1991 10:05,1,2.69,1.3,1.28,1.08,0.77,0.55,15.187,29,0.093,0.098,0.641,0.839,86,57,71,2.89,0,0,P,,,1,,8/7/1991,8/15/1991,8,1991,4668.67,5100.11,566.68,4660.01,4958.33,550.93,202.42,216.23,24.03,201.45,208.66,23.18,94,246,27.33,76,88,9.78,0.00,2.69
39,5,8/16/1991 19:15,8/16/1991 22:05,1,0.4,0.38,0.3,0.26,0.23,0.19,0.606,2.833,0.139,0,0,0,80,55,69,0.52,0,0,P,,,1,,8/16/1991,8/20/1991,8,1991,24.62,92.55,18.51,13.82,26.65,5.33,0.68,2.62,0.52,0.37,0.7,0.14,20,86,17.2,4,5,1,0.00,0.40
40,4,9/3/1991 0:30,9/3/1991 11:55,1,0.82,0.56,0.43,0.42,0.3,0.24,1.708,11.417,0.071,0,0,0.121,86,52,67,0.9,0,0,P,,,1,,9/3/1991,9/6/1991,9,1991,27.12,104.31,26.08,10.09,27.28,6.82,0.32,1.12,0.28,0.08,0.16,0.04,20,69,17.25,5,9,2.25,0.00,0.82
41,3,9/8/1991 10:20,9/8/1991 13:50,1,0.81,0.92,0.9,0.79,0.6,0.47,3.753,3.5,0.23,0,0,0.179,86,64,73,0.53,0,0,P,,,1,,9/8/1991,9/10/1991,9,1991,45.12,122.61,40.87,19.18,44.79,14.93,0.34,0.93,0.31,0.1,0.21,0.07,21,58,19.33,6,13,4.33,0.00,0.81
42,9,9/11/1991 11:45,9/14/1991 9:35,2,1.09,0.71,0.62,0.65,0.54,0.3,3.5,69.833,0.016,0,0.526,0.805,84,37,65,1.42,0,0,P,,,1,,9/11/1991,9/19/1991,9,1991,36.68,251.1,27.9,10.52,30.81,3.42,0.31,2.22,0.25,0.07,0.34,0.04,22,162,18,7,31,3.44,0.00,1.09
43,7,10/3/1991 16:35,10/5/1991 6:10,2,1.21,0.29,0.28,0.26,0.23,0.14,1.449,37.583,0.032,0,0.02,0.02,76,30,50,1.05,0,0,P,,,1,,10/3/1991,10/9/1991,10,1991,47,106.83,15.26,41.71,69.2,9.89,1.5,2.93,0.42,1.39,2.04,0.29,24,122,17.43,10,25,2.08,0.00,1.21
44,3,10/17/1991 16:10,10/18/1991 6:05,1,0.63,1.92,1.26,0.96,0.62,0.47,3.221,13.917,0.045,0,0,0.023,76,26,49,0.22,0,0,P,,,1,,10/17/1991,10/19/1991,10,1991,5.44,16.14,5.38,0.16,0.3,0.1,0.17,0.51,0.17,0.01,0.03,0.01,14,42,14,0,0,0,0.00,0.63
45,8,10/20/1991 12:35,10/26/1991 8:25,3,2.37,1.02,0.95,0.92,0.71,0.44,8.932,139.833,0.017,0,0.775,0.775,78,33,55,2.13,0,0,P,,,1,,10/20/1991,10/27/1991,10,1991,123.11,303.31,37.91,111.21,246.58,30.82,3.91,11.42,1.43,3.72,9.77,1.22,28,154,19.25,13,29,2.64,0.00,2.37
46,12,10/28/1991 21:45,11/3/1991 11:35,3,2.11,0.64,0.56,0.5,0.42,0.36,4.941,133.833,0.016,0.132,0.648,1.889,66,0,28,1.71,NA,1,P,S,M,2,,10/28/1991,11/8/1991,10,1991,634.6,921.58,76.8,609.08,697.88,58.16,57,71.77,5.98,56.8,68.24,5.69,62,277,23.08,45,74,6.17,NA,NA
47,6,11/14/1991 10:50,11/15/1991 5:20,1,0.31,0.2,0.19,0.15,0.12,0.09,0.203,18.5,0.017,0,0,0,54,30,40,0.27,0.5,2,P,S,M,2,,11/11/1991,11/16/1991,11,1991,58,147.4,24.57,40.01,46.42,7.74,2.2,4.82,0.8,1.65,1.84,0.31,26,124,20.67,6,16,2.67,NA,NA
48,5,11/17/1991 11:20,11/18/1991 1:25,1,0.81,0.37,0.33,0.31,0.25,0.2,1.215,14.083,0.058,0,0.259,0.307,56,30,42,0.78,0,0,P,,,1,,11/17/1991,11/21/1991,11,1991,212,339.69,67.94,194.01,248.86,49.77,19,21.54,4.31,18.45,18.73,3.75,43,137,27.4,23,33,6.6,0.00,0.81
49,4,,,,,,,,,,,,,,,,34,4,18,0.77,6,1,P,S,M,3,,11/23/1991,11/26/1991,11,1991,23.74,83.04,20.76,5.31,11.64,2.91,0.76,2.67,0.67,0.18,0.37,0.09,28,99,24.75,6,13,3.25,NA,NA
50,6,11/28/1991 11:15,11/30/1991 2:15,2,1.71,0.48,0.35,0.28,0.26,0.24,2.528,39,0.044,0.019,0.127,0.127,54,-2,25,0.75,3.5,5.5,P,S,M,2,6.67%,11/28/1991,12/3/1991,11,1991,227.73,386.83,64.47,197.92,233.05,38.84,31.01,40.53,6.76,30.11,35.79,5.97,68,204,34,45,70,11.67,0.37,2.08
51,7,,,,,,,,,,,,,,,,49,-5,27,0.05,1.5,5,P,S,M,3,10.00%,12/4/1991,12/10/1991,12,1991,34.99,222.21,31.74,5.18,11.52,1.65,0.9,5.33,0.76,0.17,0.51,0.07,27,171,24.43,4,117,9.75,0.50,0.55
52,9,12/11/1991 1:10,12/12/1991 16:40,2,1.27,0.24,0.18,0.16,0.14,0.13,0.971,39.5,0.032,0,0,0,49,7,25,0.64,NA,1,P,,,2,,12/11/1991,12/19/1991,12,1991,66.86,320.18,35.58,35.03,64.31,7.15,1.37,7.3,0.81,0.75,1.37,0.15,52,254,28.22,27,49,5.44,NA,NA
53,5,,,,,,,,,,,,,,,,38,21,31,0.55,NA,U,P,,M,3,,12/20/1991,12/24/1991,12,1991,25.54,120.12,24.02,3.01,7.47,1.49,0.79,3.8,0.76,0.06,0.15,0.03,21,100,20,2,5,1,NA,NA
54,14,,,,,,,,,,,,,,,,40,16,31,0,0,Z,,,M,6,,12/25/1991,1/7/1992,12,1991,23.27,311.15,22.23,1.2,5.42,0.39,1.56,15.75,1.13,0.27,1.26,0.09,21,275,19.64,1,5,0.36,NA,NA
55,2,,,,,,,,,,,,,,,,37,21,33,0.1,0,U,P,,M,3,,1/8/1992,1/9/1992,1,1992,425.91,649.09,324.55,329.84,531.45,265.73,32.95,62.97,31.49,31.59,59.41,29.71,52,102,51,30,59,29.5,NA,NA
56,8,,,,,,,,,,,,,,,,47,-8,24,0.42,3,U,P,S,M,3,14.44%,1/10/1992,1/17/1992,1,1992,645.36,1560.73,195.09,549.29,911.53,113.94,4.98,19.96,2.5,2.78,4.48,0.56,63,246,30.75,40,159,14.45,NA,NA
57,10,1/22/1992 7:10,1/22/1992 22:50,1,0.43,1.1,0.55,0.37,0.18,0.09,0.447,15.667,0.027,0,0,0,43,-4,22,0.59,5,3.5,P,S,M,2,14.19%,1/19/1992,1/28/1992,1,1992,1077.41,1891.38,189.14,1018.91,1436.18,143.62,100.66,191.26,19.13,99.06,173.61,17.36,100,312,31.2,80,137,13.7,0.50,0.92
58,9,,,,,,,,,,,,,,,,53,20,33,0,0,4,,,M,5,18.67%,1/29/1992,2/6/1992,1,1992,441.69,966.25,107.36,371.34,568.6,63.18,126.12,172.99,19.22,124.85,157.26,17.47,60,209,23.22,42,72,8,0.75,0.75
59,3,2/15/1992 10:10,2/15/1992 15:20,1,0.27,0.24,0.21,0.2,0.17,0.15,0.273,5.167,0.052,0,0.001,0.001,39,29,34,0.45,7,7,P,S,M,2,17.78%,2/15/1992,2/17/1992,2,1992,27.27,79.09,26.36,1.67,2.29,0.76,0.52,1.47,0.49,0.06,0.09,0.03,17,47,15.67,3,5,1.67,1.24,1.52
60,9,2/24/1992 1:55,2/24/1992 16:00,1,0.24,0.12,0.12,0.12,0.1,0.09,0.147,14.083,0.017,0,0,0,46,21,33,0.51,1,1,P,S,M,2,56.67%,2/18/1992,2/26/1992,2,1992,6761.9,15326.17,1702.91,6721.97,14695.04,1632.78,2635.13,4995.03,555,2628.83,4921.45,546.83,195,801,89,169,551,61.22,0.57,0.81
61,4,,,,,,,,,,,,,,,,64,26,42,0,0,Z,,,M,6,,2/28/1992,3/2/1992,2,1992,88.11,275.14,68.79,37.72,73.58,18.4,8.49,26.1,6.53,3.86,7.58,1.9,30,107,26.75,5,7,1.75,NA,NA
62,4,,,,,,,,,,,,,,,,59,36,47,0.04,0,Z,P,,M,6,,3/4/1992,3/7/1992,3,1992,45.65,169.19,42.3,13.5,40.59,10.15,4.14,15.1,3.78,1.36,3.98,1,29,111,27.75,3,7,1.75,NA,NA
63,5,3/8/1992 19:35,3/9/1992 13:05,1,0.44,0.3,0.28,0.25,0.17,0.12,0.441,17.5,0.025,0,0.008,0.059,60,14,30,0.52,NA,U,P,S,M,2,,3/8/1992,3/12/1992,3,1992,133,231.94,46.39,115.63,130.31,26.06,19,27.37,5.47,17.58,18.91,3.78,38,140,28,14,18,3.6,NA,NA
64,4,,,,,,,,,,,,,,,,52,23,34,0.06,0,U,P,,M,3,,3/14/1992,3/17/1992,3,1992,15.6,53.68,13.42,5.02,11.36,2.84,1.26,4.01,1,0.86,2.41,0.6,24,95,23.75,2,7,1.75,NA,NA
65,3,,,,,,,,,,,,,,,,44,27,34,0,0,Z,,,M,6,,3/19/1992,3/21/1992,3,1992,9.89,29.04,9.68,0.65,1.32,0.44,0.37,1.07,0.36,0.04,0.08,0.03,22,66,22,0,0,0,NA,NA
66,6,,,,,,,,,,,,,,,,63,20,38,0.28,4,4,P,S,M,3,12.50%,3/22/1992,3/27/1992,3,1992,9.31,50.48,8.41,2.34,4.84,0.81,0.33,1.75,0.29,0.1,0.21,0.04,23,129,21.5,4,9,1.5,0.50,0.78
67,5,3/28/1992 13:05,3/29/1992 4:15,1,0.23,0.1,0.1,0.1,0.09,0.07,0.093,15.167,0.015,0,0,0.017,52,26,39,0.24,0,U,P,,,2,,3/28/1992,4/1/1992,3,1992,7.7,33.13,6.63,2.35,4.94,0.99,0.25,1.05,0.21,0.09,0.19,0.04,22,98,19.6,4,7,1.4,NA,NA
68,4,,,,,,,,,,,,,,,,70,32,48,0,0,Z,,,M,6,,4/3/1992,4/6/1992,4,1992,5.44,20.57,5.14,0.72,1.69,0.42,0.16,0.6,0.15,0.03,0.08,0.02,18,72,18,0,0,0,NA,NA
69,5,,,,,,,,,,,,,,,,62,37,48,0.19,0,U,P,,M,3,,4/7/1992,4/11/1992,4,1992,4.98,23.47,4.69,1,2.83,0.57,0.13,0.63,0.13,0.03,0.1,0.02,20,94,18.8,3,8,1.6,NA,NA
70,3,4/15/1992 2:50,4/16/1992 7:15,2,1.15,1.9,1.55,1.4,1.05,0.59,6.945,28.417,0.041,0.019,0.019,0.06,63,39,49,1.07,0,0,P,,,1,,4/15/1992,4/17/1992,4,1992,95,158.8,52.93,92.16,150.28,50.09,4.9,7.74,2.58,4.8,7.44,2.48,33,84,28,15,30,10,0.00,1.15
71,9,4/18/1992 20:40,4/20/1992 21:40,2,1.48,0.83,0.65,0.57,0.44,0.32,3.922,49,0.03,0.008,0.534,1.181,67,34,47,1.82,0,0,P,,,1,,4/18/1992,4/26/1992,4,1992,431.32,1493.96,166,425.83,1284.39,142.71,21.07,64.34,7.15,19.85,54,6,49,292,32.44,26,89,9.89,0.00,1.48
72,5,5/16/1992 22:30,5/17/1992 8:25,1,0.65,0.59,0.56,0.53,0.49,0.36,2.348,9.917,0.066,0,0.017,0.017,87,51,67,0.87,0,0,P,,,1,,5/16/1992,5/20/1992,5,1992,15.96,63.18,12.64,14.03,26.74,5.35,0.16,0.69,0.14,0.07,0.11,0.02,18,73,14.6,3,4,0.8,0.00,0.65
73,2,6/16/1992 11:10,6/16/1992 12:20,1,0.7,2.26,2.09,1.72,1.01,0.68,6.411,1.167,0.597,0,0.015,0.015,84,64,75,0.2,0,0,P,,,1,,6/16/1992,6/17/1992,6,1992,17.72,21.27,10.64,7.14,7.14,3.57,0.66,0.88,0.44,0.5,0.56,0.28,18,33,16.5,5,7,3.5,0.00,0.70
74,3,6/19/1992 17:30,6/19/1992 18:50,1,0.29,1.28,1.03,0.89,0.55,0.29,1.338,1.333,0.22,0,0.051,0.747,73,47,59,0.22,0,0,P,,,1,,6/19/1992,6/21/1992,6,1992,19.1,50.23,16.74,15.55,39.58,13.19,0.18,0.52,0.17,0.02,0.04,0.01,15,43,14.33,2,4,1.33,0.00,0.29
75,4,7/2/1992 6:00,7/2/1992 14:30,1,0.34,0.98,0.87,0.66,0.39,0.21,1,8.5,0.039,0,0,0,80,56,69,0.45,0,0,P,,,1,,7/2/1992,7/5/1992,7,1992,15.78,60.54,15.14,1.59,3.78,0.95,0.26,0.97,0.24,0.03,0.05,0.01,16,63,15.75,1,3,0.75,0.00,0.34
76,4,7/7/1992 3:25,7/8/1992 7:50,2,1.01,0.98,0.94,0.76,0.61,0.36,4.035,28.417,0.036,0,0.131,0.468,84,62,74,0.92,0,0,P,,,1,,7/7/1992,7/10/1992,7,1992,52,122.62,30.66,37.1,63.02,15.76,1.1,1.87,0.47,0.9,1.07,0.27,19,66,16.5,6,14,3.5,0.00,1.01
77,4,7/12/1992 5:35,7/13/1992 18:25,2,1.98,1.57,1.55,1.18,0.74,0.5,8.649,36.833,0.054,0.002,0.006,0.576,81,58,68,2.33,0,0,P,,,1,,7/12/1992,7/15/1992,7,1992,142,313.74,78.44,121.1,230.14,57.54,2.8,7.28,1.82,2.57,6.36,1.59,27,90,22.5,11,26,6.5,0.00,1.98
78,3,7/15/1992 23:15,7/16/1992 11:15,1,0.23,0.18,0.17,0.16,0.15,0.13,0.195,12,0.019,0,1.055,1.98,82,58,71,0.29,0,0,P,,,1,,7/16/1992,7/18/1992,7,1992,20.9,58.96,19.65,1.14,1.14,0.38,0.23,0.63,0.21,0.04,0.06,0.02,16,44,14.67,2,2,0.67,0.00,0.23
79,7,7/22/1992 5:45,7/26/1992 2:05,3,0.97,0.58,0.47,0.5,0.38,0.21,1.714,92.333,0.01,0,0.045,0.045,84,55,69,1.48,0,0,P,,,1,,7/22/1992,7/28/1992,7,1992,28.26,168.8,24.11,6.97,18.65,2.66,0.27,1.6,0.23,0.08,0.21,0.03,18,107,15.29,4,15,1.25,0.00,0.97
80,6,7/30/1992 6:35,7/30/1992 15:20,1,1.08,0.31,0.28,0.28,0.27,0.24,1.909,8.75,0.124,0,0.008,0.329,81,50,66,1.02,0,0,P,,,1,,7/30/1992,8/4/1992,7,1992,79,231.57,38.6,57.15,101.67,16.95,1.6,3.78,0.63,1.38,2.38,0.4,22,96,16,9,18,3,0.00,1.08
81,8,8/7/1992 11:35,8/12/1992 15:05,3,1.76,2.53,1.99,1.78,1.18,0.64,12.617,123.5,0.014,0,0,0.046,94,51,70,1.39,0,0,P,,,1,,8/7/1992,8/14/1992,8,1992,61,249.98,31.25,40.4,105.06,13.13,1.2,4.06,0.51,0.96,2.1,0.26,20,126,15.75,7,35,3.18,0.00,1.76
82,5,8/25/1992 11:10,8/25/1992 19:45,1,0.64,1.3,0.93,0.7,0.45,0.25,2.204,8.583,0.074,0,0,0,88,47,66,0.92,0,0,P,,,1,,8/25/1992,8/29/1992,8,1992,14.61,62.58,12.52,4.02,8.04,1.61,0.2,0.81,0.16,0.08,0.15,0.03,14,60,12,3,5,1,0.00,0.64
83,3,9/2/1992 1:35,9/2/1992 14:50,1,0.21,0.41,0.3,0.24,0.19,0.09,0.248,13.25,0.016,0,0,0.002,79,54,67,0.18,0,0,P,,,1,,9/2/1992,9/4/1992,9,1992,10.54,30.18,10.06,1.24,2.28,0.76,0.14,0.42,0.14,0.03,0.09,0.03,12,35,11.67,2,5,1.67,0.00,0.21
84,8,9/5/1992 22:30,9/9/1992 18:40,3,2.63,1.91,1.91,1.74,1.31,0.84,24.792,92.167,0.029,0,0.002,0.215,82,44,64,2.22,0,0,P,,,1,,9/5/1992,9/12/1992,9,1992,187.43,493.53,61.69,178.57,379.3,47.41,3.27,8.96,1.12,3.13,6.88,0.86,30,144,18,19,58,5.27,0.00,2.63
85,5,9/14/1992 4:10,9/18/1992 7:30,3,1.47,1.13,0.85,0.79,0.54,0.38,4.552,99.333,0.015,0,0,0.532,81,49,71,1.31,0,0,P,,,1,,9/14/1992,9/18/1992,9,1992,94.67,312.72,62.54,50.24,111.69,22.34,2.06,6.42,1.28,1.4,3.32,0.66,21,94,18.8,6,18,3.6,0.00,1.47
86,4,9/20/1992 13:35,9/20/1992 23:25,1,0.42,0.37,0.31,0.2,0.14,0.11,0.357,9.833,0.042,0,0.355,0.651,64,40,56,0.42,0,0,P,,,1,,9/20/1992,9/23/1992,9,1992,45,146.93,36.73,21.76,53.97,13.49,0.59,1.74,0.44,0.41,1.02,0.26,18,63,15.75,5,11,2.75,0.00,0.42
87,5,9/26/1992 14:45,9/26/1992 19:55,1,0.45,1.25,0.97,0.78,0.51,0.3,1.651,5.167,0.087,0.002,0.004,0.004,74,33,55,0.76,0,0,P,,,1,,9/26/1992,9/30/1992,9,1992,38,97.55,19.51,25.31,35.58,7.12,0.28,0.78,0.16,0.12,0.22,0.04,17,72,14.4,4,7,1.4,0.00,0.45
88,5,10/8/1992 7:10,10/8/1992 15:25,1,0.35,0.65,0.63,0.52,0.34,0.17,0.815,8.25,0.042,0,0,0,64,37,51,0.41,0,0,P,,,1,,10/8/1992,10/12/1992,10,1992,12.23,55.34,11.07,1.75,5.36,1.07,0.27,1.29,0.26,0.08,0.15,0.03,15,69,13.8,2,4,0.8,0.00,0.35
89,8,10/31/1992 18:00,11/2/1992 19:00,1,1.22,0.35,0.3,0.31,0.22,0.12,1.387,49,0.025,0,0,0,47,28,36,1.23,NA,0,P,,,1,,10/31/1992,11/7/1992,10,1992,61.52,149.7,18.71,51.82,73.98,9.25,2.48,5.89,0.74,2.07,2.69,0.34,26,141,17.63,13,33,3,0.00,1.22
90,9,11/19/1992 12:15,11/22/1992 21:05,2,2.96,0.26,0.22,0.22,0.19,0.18,3.252,80.833,0.037,0,0,0,51,13,35,3.8,NA,N,P,S,M,2,22.50%,11/19/1992,11/27/1992,11,1992,858.28,1921.02,213.45,850.23,1625.09,180.57,42.26,89.94,9.99,41.71,78.11,8.68,73,297,33,59,143,15.89,NA,NA
91,4,,,,,,,,,,,,,,,,29,3,21,0.1,1.5,3,P,S,M,3,11.79%,12/4/1992,12/7/1992,12,1992,37.98,130.39,32.6,9.4,16.07,4.02,1.87,6.31,1.58,0.5,0.83,0.21,21,70,17.5,6,10,2.5,0.35,0.45
92,9,12/14/1992 23:05,12/16/1992 0:45,1,0.91,0.17,0.16,0.16,0.15,0.14,0.72,25.667,0.035,0.02,0.02,0.02,39,6,28,0.95,0,2,P,,M,2,28.25%,12/14/1992,12/22/1992,12,1992,341.31,941.29,104.59,322.67,642.61,71.4,18.6,37.21,4.13,17.32,25.89,2.88,50,236,26.22,33,79,8.78,0.57,1.47
93,2,,,,,,,,,,,,,,,,29,-8,13,0.09,NA,U,P,,M,3,,12/24/1992,12/25/1992,12,1992,46.99,92.5,46.25,2.91,4.34,2.17,1.15,2.29,1.15,0.02,0.03,0.02,17,34,17,0,0,0,NA,NA
94,6,,,,,,,,,,,,,,,,38,-4,21,0.71,NA,1,P,,M,3,,12/27/1992,1/1/1993,12,1992,46.22,266.7,44.45,8.32,29.26,4.88,1.27,7.34,1.22,0.16,0.64,0.11,20,115,19.17,2,9,1.5,NA,NA
95,4,,,,,,,,,,,,,,,,40,12,25,0.09,0,1,P,,M,3,,1/3/1993,1/6/1993,1,1993,58.35,168.9,42.23,26.54,41.66,10.42,1.81,5.28,1.32,0.76,1.08,0.27,30,88,22,12,16,4,NA,NA
96,6,,,,,,,,,,,,,,,,32,2,21,0.71,9.5,3,P,S,M,3,11.65%,1/11/1993,1/16/1993,1,1993,29.18,162.5,27.08,6.07,15.46,2.58,1.09,6.15,1.03,0.15,0.47,0.08,20,113,18.83,2,7,1.17,0.35,1.06
97,7,1/20/1993 15:15,1/21/1993 13:55,1,0.38,0.12,0.09,0.08,0.08,0.07,0.135,22.667,0.017,0.003,0.003,0.003,43,3,28,0.32,NA,4,P,,M,2,22.31%,1/20/1993,1/26/1993,1,1993,26.26,153.2,21.89,5.79,25.67,3.67,1.19,6.98,1,0.32,1.29,0.18,24,143,20.43,7,26,2.17,0.89,1.27
98,4,,,,,,,,,,,,,,,,48,11,31,0,0,2,,,M,5,27.50%,1/30/1993,2/2/1993,1,1993,19.54,67.13,16.78,5.47,10.35,2.59,0.88,3.03,0.76,0.23,0.43,0.11,22,75,18.75,7,13,3.25,0.55,0.55
99,5,,,,,,,,,,,,,,,,45,18,31,0,0,1,,,M,5,,2/4/1993,2/8/1993,2,1993,17.36,74.06,14.81,2.79,7.29,1.46,0.76,3.24,0.65,0.11,0.31,0.06,21,91,18.2,4,10,2,NA,NA
100,6,,,,,,,,,,,,,,,,34,8,24,0.36,NA,U,P,S,M,3,,2/10/1993,2/15/1993,2,1993,14.09,70.95,11.83,2.56,9.97,1.66,0.6,3,0.5,0.11,0.34,0.06,19,98,16.33,4,12,2,NA,NA
101,4,3/2/1993 17:30,3/3/1993 3:55,1,0.27,0.11,0.06,0.06,0.05,0.05,0.069,10.417,0.026,0,0,0,42,27,36,0.26,0,2,P,,M,2,32.50%,3/2/1993,3/5/1993,3,1993,2955.98,5513.13,1378.28,1045.42,1677.61,419.4,404.06,629.26,157.32,308.5,437.24,109.31,150,330,82.5,40,84,21,0.65,0.92
102,6,,,,,,,,,,,,,,,,42,8,31,0.17,0.5,1,P,S,M,3,,3/7/1993,3/12/1993,3,1993,4537.41,10478.92,1746.49,2626.85,6497.04,1082.84,546.78,1172.47,195.41,451.22,971.03,161.84,246,696,116,136,400,66.67,NA,NA
103,7,,,,,,,,,,,,,,,,48,0,26,0.12,3.3,6,P,S,M,3,,3/15/1993,3/21/1993,3,1993,4178.18,4898.01,699.72,4145.45,4584.24,654.89,1007.91,1078.18,154.03,1005.53,1060.86,151.55,350,542,77.43,331,553,46.08,NA,NA
104,11,3/22/1993 7:15,3/31/1993 18:40,3,2.03,0.56,0.54,0.52,0.45,0.38,4.88,227.417,0.009,0,0,0,60,29,38,2.89,10.3,10.5,P,S,M,2,25.67%,3/22/1993,4/1/1993,3,1993,10399.77,39475.69,3588.7,10288.06,38027.76,3457.07,3465.35,8519.78,774.53,3448.03,8425.5,765.95,524,2347,213.36,495,1976,179.64,2.70,4.73
105,4,,,,,,,,,,,,,,,,52,27,39,0,0,Z,,,M,6,,4/3/1993,4/6/1993,4,1993,158.44,515.42,128.86,52.26,90.7,22.68,13.12,38.2,9.55,6.75,12.72,3.18,41,145,36.25,8,13,3.25,NA,NA
106,5,4/7/1993 16:25,4/11/1993 2:05,2,0.69,0.26,0.24,0.22,0.18,0.14,0.628,81.667,0.008,0.079,0.079,0.079,61,33,49,0.94,0,U,P,,,2,,4/7/1993,4/11/1993,4,1993,319,941.8,188.36,237.34,508.98,101.8,26,66.78,13.36,22.9,48.01,9.6,61,234,46.8,22,45,9,NA,NA
107,5,4/14/1993 20:40,4/16/1993 0:20,1,0.61,0.12,0.1,0.1,0.09,0.08,0.271,27.667,0.022,0.186,0.192,0.408,65,29,43,1.24,0,0,P,,,1,,4/14/1993,4/18/1993,4,1993,378,1261,252.2,307.46,908.84,181.77,32,98.61,19.72,29.54,87.25,17.45,67,282,56.4,31,88,17.6,0.00,0.61
108,7,4/19/1993 7:20,4/20/1993 10:40,1,0.9,0.28,0.23,0.16,0.14,0.13,0.689,27.333,0.033,0,0.083,0.711,69,33,52,1.11,0,0,P,,,1,,4/19/1993,4/25/1993,4,1993,1040,1988.91,284.13,970,1630.91,232.99,117,162.2,23.17,115.48,153.03,21.86,118,433,61.86,68,235,19.58,0.00,0.90
109,3,4/27/1993 9:35,4/27/1993 22:00,1,0.43,0.18,0.17,0.17,0.11,0.09,0.259,12.417,0.035,0,0,0,71,47,59,0.46,0,0,P,,,1,,4/27/1993,4/29/1993,4,1993,200,252.49,84.16,176.08,178.65,59.55,14,18.35,6.12,11.1,11.52,3.84,47,123,41,12,16,5.33,0.00,0.43
110,5,5/1/1993 5:45,5/4/1993 16:35,2,3.07,0.68,0.61,0.56,0.43,0.34,8.275,82.833,0.037,0,0.032,0.462,72,49,60,3.48,0,0,P,,,1,,5/1/1993,5/5/1993,5,1993,2717.08,3388.14,677.63,2629.73,3078.25,615.65,513.12,609.98,122,503.89,576.49,115.3,229,534,106.8,173,296,59.2,0.00,3.07
111,6,5/6/1993 22:35,5/11/1993 2:35,2,0.7,1.03,0.88,0.82,0.54,0.28,2.016,100,0.007,0,0.311,2.009,84,54,71,0.4,0,0,P,,,1,,5/6/1993,5/11/1993,5,1993,378,951.64,158.61,290.65,502.42,83.74,32,77.55,12.93,22.77,46.17,7.7,67,324,54,11,36,6,0.00,0.70
112,4,5/22/1993 14:20,5/23/1993 18:15,1,0.83,0.49,0.48,0.44,0.31,0.18,1.657,27.917,0.03,0,0.022,0.087,71,45,59,0.8,0,0,P,,,1,,5/22/1993,5/25/1993,5,1993,215,349.8,87.45,179.82,203.63,50.91,16,33.56,8.39,14.99,29.37,7.34,49,167,41.75,16,34,8.5,0.00,0.83
113,5,5/27/1993 0:45,5/30/1993 13:35,2,0.86,0.48,0.44,0.42,0.41,0.28,1.815,84.833,0.01,0,0.006,0.839,77,47,61,1.05,0,0,P,,,1,,5/27/1993,5/31/1993,5,1993,47.53,199.47,39.89,13.8,29.37,5.87,2.52,9.34,1.87,1.08,2.57,0.51,45,187,37.4,13,26,5.2,0.00,0.86
114,5,6/1/1993 18:35,6/3/1993 2:55,1,0.64,0.12,0.1,0.11,0.09,0.08,0.287,32.333,0.02,0,0.599,0.615,74,40,55,0.74,0,0,P,,,1,,6/1/1993,6/5/1993,6,1993,118,315.28,63.06,84.38,147.07,29.41,13,34.63,6.93,8.7,15.99,3.2,45,189,37.8,13,29,5.8,0.00,0.64
115,4,6/7/1993 1:00,6/8/1993 1:05,2,1.52,2.16,1.91,1.46,0.9,0.77,9.573,24.083,0.063,0,0.147,0.759,84,60,69,1.28,0,0,P,,,1,,6/7/1993,6/10/1993,6,1993,692.1,1615.79,403.95,587.75,1198.39,299.6,225.29,289.48,72.37,218.4,261.92,65.48,97,269,67.25,59,117,29.25,0.00,1.52
116,3,6/13/1993 9:55,6/14/1993 3:15,2,0.93,1.22,1.21,1.09,0.66,0.38,4.402,17.333,0.054,0,0,0.029,84,56,69,1.04,0,0,P,,,1,,6/13/1993,6/15/1993,6,1993,168.3,295.06,98.35,106.45,109.51,36.5,28.39,39.72,13.24,23.13,23.94,7.98,58,131,43.67,23,26,8.67,0.00,0.93
117,5,6/16/1993 9:30,6/17/1993 22:35,2,1.31,2.23,2,1.66,1.12,0.67,10.231,37.083,0.035,0,0.928,0.928,87,56,70,1.57,0,0,P,,,1,,6/16/1993,6/20/1993,6,1993,1975.35,3256.13,651.23,1880.27,2813.96,562.79,449.29,740.1,148.02,437.2,686.48,137.3,141,370,74,92,139,27.8,0.00,1.31
118,3,6/24/1993 10:40,6/26/1993 15:40,3,0.72,1.13,0.95,0.7,0.44,0.25,-7.473,53,0.014,0,0,0.183,86,59,73,0.33,0,0,P,,,1,,6/24/1993,6/26/1993,6,1993,84.12,220.87,73.62,17.85,22.06,7.35,11.34,29.78,9.93,2.47,3.17,1.06,53,139,46.33,11,13,4.33,0.00,0.72
119,6,6/28/1993 3:20,6/30/1993 1:55,2,2.06,2.32,1.82,1.62,1.24,0.88,19.815,46.583,0.044,0,0.209,0.719,88,59,71,1.51,0,0,P,,,1,,6/28/1993,7/3/1993,6,1993,4493.65,5762.34,960.39,4424.99,5231.8,871.97,1291.36,1554.27,259.05,1281.82,1479.31,246.55,234,543,90.5,190,271,45.17,0.00,2.06
120,4,7/4/1993 18:25,7/5/1993 23:55,1,1.72,1.79,1.38,1.03,0.54,0.47,6.69,29.5,0.058,0,0.119,1.452,81,63,72,1.54,0,0,P,,,1,,7/4/1993,7/7/1993,7,1993,2108.75,3557.94,889.49,1980.8,2986.86,746.72,400.29,576.22,144.06,381.89,496.55,124.14,151,390,97.5,103,181,45.25,0.00,1.72
121,8,7/8/1993 20:15,7/13/1993 13:30,4,4.88,4.78,3.97,3.48,2.93,1.64,91.791,113.25,0.043,0.18,0.185,1.899,85,56,72,5.92,0,0,P,,,1,,7/8/1993,7/15/1993,7,1993,24741.39,49557.87,6194.73,24554.16,48452.91,6056.61,8703.54,17354.7,2169.34,8679.07,17173.14,2146.64,844,2244,280.5,779,1873,170.27,0.00,4.88
122,4,7/17/1993 7:30,7/17/1993 13:05,1,1,1.39,1.27,1.19,0.93,0.61,7.205,5.583,0.178,0,0,0.22,84,60,73,0.76,0,0,P,,,1,,7/17/1993,7/20/1993,7,1993,1666.03,2236.95,559.24,1555.05,1793.03,448.26,481.14,537.6,134.4,468.94,488.8,122.2,156,416,104,84,128,32,0.00,1.00
123,5,7/25/1993 1:30,7/27/1993 10:15,2,0.63,1.49,1.4,1.17,0.74,0.39,2.876,56.75,0.011,0,0,0,88,62,76,0.66,0,0,P,,,1,,7/25/1993,7/29/1993,7,1993,110.24,437.24,87.45,26.28,70.15,14.03,12.03,47.54,9.51,2.89,7.72,1.54,83,355,71,17,40,8,0.00,0.63
124,4,7/31/1993 10:05,7/31/1993 14:40,1,0.77,0.91,0.91,0.83,0.63,0.38,3.479,4.583,0.169,0,0,0.322,85,59,71,0,0,0,P,,,1,,7/31/1993,8/3/1993,7,1993,229,532.14,133.04,162.61,281.28,70.32,45,95.26,23.82,37.82,68.7,17.18,84,286,71.5,23,48,12,0.00,0.77
125,2,8/6/1993 0:50,8/6/1993 12:15,1,0.33,0.59,0.52,0.51,0.44,0.32,1.121,11.417,0.029,0.003,0.018,0.023,75,53,64,0.01,0,0,P,,,1,,8/6/1993,8/7/1993,8,1993,154,225.38,112.69,82.62,82.62,41.31,32,39.26,19.63,24.74,24.74,12.37,73,134,67,14,16,8,0.00,0.33
126,2,8/9/1993 9:20,8/9/1993 22:35,1,0.37,1.09,1.07,0.96,0.62,0.35,1.866,13.25,0.028,0,0.037,0.381,85,66,75,0.47,0,0,P,,,1,,8/9/1993,8/10/1993,8,1993,131,216.92,108.46,59.62,74.16,37.08,28,36.45,18.23,20.74,21.93,10.97,69,134,67,10,16,8,0.00,0.37
127,3,8/14/1993 16:45,8/15/1993 9:55,1,1.73,3.04,2.76,2.4,1.66,0.93,25.656,17.167,0.101,0,0.124,0.132,86,69,77,1.27,0,0,P,,,1,,8/14/1993,8/16/1993,8,1993,1043.67,1656.97,552.32,963.28,1409.05,469.68,191.99,304.48,101.49,184.18,280.02,93.34,158,324,108,100,143,47.67,0.00,1.73
128,7,8/18/1993 11:35,8/23/1993 6:00,2,1.44,1.93,1.85,1.8,1.28,0.74,11.865,114.417,0.013,0,0.163,1.89,90,63,74,1.6,0,0,P,,,1,,8/18/1993,8/24/1993,8,1993,1059.37,2104.87,300.7,972.23,1421.45,203.06,197.49,331.67,47.38,188.65,266.23,38.03,129,575,82.14,64,387,32.25,0.00,1.44
129,6,8/29/1993 2:30,8/29/1993 11:45,1,0.88,0.34,0.32,0.3,0.29,0.28,1.717,9.25,0.095,0.002,0.028,0.044,81,54,68,1.06,0,0,P,,,1,,8/29/1993,9/3/1993,8,1993,262,727.19,121.2,170.45,212.89,35.48,50,92.16,15.36,41.64,45.44,7.57,88,387,64.5,32,63,10.5,0.00,0.88
130,5,9/13/1993 8:30,9/15/1993 2:50,1,1.04,1.24,1.04,0.92,0.55,0.31,3.733,42.333,0.025,0,0.009,0.009,79,45,58,1.01,0,0,P,,,1,,9/13/1993,9/17/1993,9,1993,148,495.21,99.04,70.52,107.24,21.45,31,74.8,14.96,23.98,39.64,7.93,72,294,58.8,22,44,8.8,0.00,1.04
131,5,9/19/1993 10:10,9/20/1993 17:40,2,0.44,0.19,0.14,0.14,0.11,0.09,0.238,31.5,0.014,0.003,0.04,0.135,74,45,59,0.51,0,0,P,,,1,,9/19/1993,9/23/1993,9,1993,91,422.07,84.41,17.65,51,10.2,8.25,38.25,7.65,1.6,4.61,0.92,59,272,54.4,12,34,6.8,0.00,0.44
132,4,9/25/1993 10:10,9/26/1993 18:55,1,0.43,0.11,0.09,0.09,0.08,0.07,0.164,32.75,0.013,0,0.011,0.207,58,41,51,0.37,0,0,P,,,1,,9/25/1993,9/28/1993,9,1993,89.46,326.01,81.5,20.93,51.89,12.97,19,48.04,12.01,12.79,23.2,5.8,58,210,52.5,14,34,8.5,0.00,0.43
133,2,10/6/1993 3:20,10/6/1993 5:40,1,0.32,0.71,0.56,0.44,0.25,0.2,0.558,2.333,0.136,0,0,0.002,87,51,72,0.34,0,0,P,,,1,,10/6/1993,10/7/1993,10,1993,39.42,74.1,37.05,7.35,9.96,4.98,1.27,2.36,1.18,0.29,0.4,0.2,48,93,46.5,7,11,5.5,0.00,0.32
134,5,10/8/1993 17:45,10/9/1993 4:05,1,0.49,0.17,0.14,0.13,0.12,0.11,0.33,10.333,0.047,0,0.318,0.318,73,29,47,0.33,0,0,P,,,1,,10/8/1993,10/12/1993,10,1993,35.9,147.36,29.47,3.83,10.2,2.04,1.07,4.58,0.92,0.09,0.19,0.04,52,220,44,11,18,3.6,0.00,0.49
135,5,10/15/1993 4:40,10/16/1993 6:00,1,0.24,0.14,0.13,0.13,0.12,0.08,0.142,25.333,0.01,0.016,0.018,0.02,61,38,53,0.25,0,0,P,,,1,,10/15/1993,10/19/1993,10,1993,26.97,120.94,24.19,5.04,11.29,2.26,1.41,6.5,1.3,0.25,0.7,0.14,47,215,43,6,10,2,0.00,0.24
136,6,11/12/1993 16:15,11/12/1993 23:20,1,0.35,0.18,0.16,0.15,0.13,0.11,0.264,7.083,0.049,0,0,0,56,28,39,0.39,0,0,P,,,1,,11/12/1993,11/17/1993,11,1993,17.63,92.38,15.4,3.78,6.52,1.09,1.06,5.51,0.92,0.2,0.39,0.07,44,227,37.83,9,17,2.83,0.00,0.35
137,6,11/24/1993 22:35,11/25/1993 20:00,1,0.39,0.17,0.16,0.15,0.12,0.09,0.237,21.417,0.018,0,0,0,40,17,29,0.43,NA,N,P,,,2,,11/24/1993,11/29/1993,11,1993,16.55,91.26,15.21,1.94,5.02,0.84,0.98,5.5,0.92,0.14,0.45,0.08,38,211,35.17,4,10,1.67,NA,NA
138,8,,,,,,,,,,,,,,,,33,-22,5,0.06,1.5,1.5,P,S,M,3,14.88%,1/8/1994,1/15/1994,1,1994,12.56,92.59,11.57,1.53,7.2,0.9,1.17,8.51,1.06,0.14,0.62,0.08,28,206,25.75,3,15,1.36,0.22,0.28
139,5,,,,,,,,,,,,,,,,41,-30,5,0.1,NA,2,P,S,M,3,10.97%,1/19/1994,1/23/1994,1,1994,11,53,10.6,0.7,1.04,0.21,0.89,4.37,0.87,0.03,0.06,0.01,23,112,22.4,1,1,0.2,0.22,0.32
140,5,,,,,,,,,,,,,,,,29,-21,12,0.34,NA,U,P,S,M,3,20.62%,1/27/1994,1/31/1994,1,1994,11.11,54.44,10.89,0.73,2.16,0.43,0.89,4.4,0.88,0.03,0.09,0.02,23,114,22.8,1,3,0.6,NA,NA
141,4,,,,,,,,,,,,,,,,17,-18,0,0.27,4,U,P,S,M,3,16.73%,2/7/1994,2/10/1994,2,1994,9.96,39.05,9.76,0.67,1.89,0.47,0.91,3.6,0.9,0.03,0.08,0.02,22,87,21.75,1,3,0.75,NA,NA
142,5,,,,,,,,,,,,,,,,45,-2,21,0.17,NA,3,P,,M,3,18.95%,2/12/1994,2/16/1994,2,1994,10.37,49.16,9.83,0.81,1.36,0.27,1.04,4.84,0.97,0.11,0.19,0.04,24,113,22.6,2,3,0.6,0.57,0.74
143,7,2/19/1994 18:45,2/20/1994 3:05,1,0.38,0.19,0.16,0.16,0.14,0.13,0.296,8.333,0.045,0.039,0.039,0.039,55,3,25,0.89,4.5,8,P,S,M,2,16.11%,2/19/1994,2/25/1994,2,1994,13230.15,16076.55,2296.65,13219.35,15860.67,2265.81,4159.86,4536.65,648.09,4158.78,4522.37,646.05,600,1012,144.57,575,845,70.42,1.29,1.67
144,4,,,,,,,,,,,,,,,,37,-11,21,0.04,1,N,P,S,M,3,15.35%,2/27/1994,3/2/1994,2,1994,37.09,117.72,29.43,16.09,33.72,8.43,2.24,7.17,1.79,0.94,1.97,0.49,25,97,24.25,1,1,0.25,NA,NA
145,5,,,,,,,,,,,,,,,,57,14,37,0,0,N,,,M,7,,3/3/1994,3/7/1994,3,1994,5856.3,8009.58,1601.92,5836.38,7908.9,1581.78,1878.19,2256.34,451.27,1876.43,2248,449.6,291,584,116.8,260,436,87.2,NA,NA
146,2,,,,,,,,,,,,,,,,36,18,28,0,0,Z,,,M,6,,3/9/1994,3/10/1994,3,1994,18.6,36.77,18.39,1.43,2.43,1.22,1.16,2.3,1.15,0.09,0.16,0.08,29,57,28.5,3,5,2.5,NA,NA
147,6,,,,,,,,,,,,,,,,57,23,37,0.01,0,Z,P,,M,6,,3/12/1994,3/17/1994,3,1994,19.4,107.41,17.9,4.8,14.67,2.45,1.22,6.81,1.14,0.22,0.67,0.11,30,170,28.33,3,10,1.67,NA,NA
148,4,,,,,,,,,,,,,,,,70,26,48,0.14,0,U,P,,M,3,,3/19/1994,3/22/1994,3,1994,13.29,50.42,12.61,2.72,8.14,2.04,1.01,3.77,0.94,0.15,0.33,0.08,30,111,27.75,4,7,1.75,NA,NA
149,4,,,,,,,,,,,,,,,,49,27,39,0.09,0,Z,P,,M,6,,3/24/1994,3/27/1994,3,1994,9.08,31.87,7.97,2.59,5.91,1.48,0.76,2.79,0.7,0.14,0.31,0.08,25,98,24.5,1,2,0.5,NA,NA
150,4,,,,,,,,,,,,,,,,66,26,41,0,0,Z,,,M,6,,3/29/1994,4/1/1994,3,1994,5.85,20.7,5.18,1.43,3.02,0.76,0.57,2.13,0.53,0.08,0.17,0.04,23,89,22.25,1,1,0.25,NA,NA
151,2,4/12/1994 7:45,4/12/1994 17:10,1,0.49,0.42,0.41,0.38,0.33,0.28,1.065,9.417,0.052,0,0,0.035,59,42,48,0.67,0,0,P,,,1,,4/12/1994,4/13/1994,4,1994,4.02,7.29,3.65,0.92,0.92,0.46,0.59,1.08,0.54,0.14,0.14,0.07,28,54,27,6,11,5.5,0.00,0.49
152,4,4/14/1994 22:05,4/15/1994 3:05,1,0.37,0.83,0.78,0.61,0.39,0.23,1.055,5,0.075,0,0.531,0.531,73,38,55,0.27,0,0,P,,,1,,4/14/1994,4/17/1994,4,1994,5.94,21.71,5.43,1.92,5.63,1.41,0.86,3.11,0.78,0.27,0.75,0.19,30,102,25.5,8,14,3.5,0.00,0.37
153,7,4/25/1994 5:10,4/30/1994 19:25,2,1.92,1.46,1.43,1.4,1.09,0.9,13.602,134.25,0.014,0.089,0.095,0.147,80,32,51,1.48,0,0,P,,,1,,4/25/1994,5/1/1994,4,1994,37.44,234.92,33.56,20.81,65.38,9.34,4.66,28.61,4.09,2.57,9.45,1.35,29,186,26.57,7,21,1.75,0.00,1.92
154,5,5/7/1994 1:55,5/7/1994 14:00,1,0.24,0.17,0.13,0.12,0.09,0.08,0.111,12.083,0.02,0.004,0.092,0.092,76,43,59,0.21,0,0,P,,,1,,5/7/1994,5/11/1994,5,1994,25.41,102.22,20.44,7.26,14.88,2.98,2.17,8.13,1.63,0.8,1.6,0.32,24,105,21,5,11,2.2,0.00,0.24
155,5,5/23/1994 14:15,5/26/1994 1:30,2,1.5,1.33,1,0.9,0.82,0.68,8.861,59.25,0.025,0,0,0,86,42,64,0.94,0,0,P,,,1,,5/23/1994,5/27/1994,5,1994,22.11,103.93,20.79,3.73,12.03,2.41,1.8,8.05,1.61,0.29,0.5,0.1,26,118,23.6,7,23,4.6,0.00,1.50
156,2,6/7/1994 2:00,6/7/1994 11:10,1,0.41,0.48,0.38,0.35,0.26,0.22,0.663,9.167,0.044,0,0,0,72,53,64,0.15,0,0,P,,,1,,6/7/1994,6/8/1994,6,1994,24.38,48.75,24.38,0.71,1.41,0.7,2.67,5.33,2.67,0.06,0.11,0.06,19,37,18.5,2,3,1.5,0.00,0.41
157,6,6/10/1994 18:35,6/13/1994 6:50,2,0.9,0.64,0.61,0.57,0.43,0.3,2.168,60.25,0.015,0.049,0.156,0.563,92,55,75,1.1,0,0,P,,,1,,6/10/1994,6/15/1994,6,1994,33.68,170.54,28.42,7.7,19.28,3.21,3.79,19.09,3.18,0.87,2.19,0.37,22,115,19.17,5,13,2.17,0.00,0.90
158,4,6/19/1994 18:00,6/20/1994 5:20,1,1.53,0.9,0.74,0.58,0.43,0.36,4.843,11.333,0.135,0,0,0,89,62,78,1.65,0,0,P,,,1,,6/19/1994,6/22/1994,6,1994,96.87,178.9,44.73,72.77,80.4,20.1,23.82,32.88,8.22,21.11,21.88,5.47,37,92,23,21,26,6.5,0.00,1.53
159,4,6/23/1994 2:40,6/23/1994 21:10,1,3.51,1.03,0.88,0.8,0.71,0.58,18.666,18.5,0.19,0,0.476,1.618,84,61,71,3.53,0,0,P,,,1,,6/23/1994,6/26/1994,6,1994,1570.72,2257.94,564.49,1544.52,2153.14,538.29,426.06,529.82,132.46,423.19,518.34,129.59,115,231,57.75,97,159,39.75,0.00,3.51
160,3,7/3/1994 21:55,7/4/1994 15:05,1,1.55,3.26,2.85,2.52,1.63,0.83,22.49,17.167,0.09,0,0.093,0.097,92,58,76,1.88,0,0,P,,,1,,7/3/1994,7/5/1994,7,1994,679.42,950.95,316.98,646.69,852.76,284.25,152.1,180.22,60.07,148.47,169.33,56.44,70,140,46.67,44,62,20.67,0.00,1.55
161,4,7/7/1994 20:55,7/8/1994 13:00,2,1.25,0.97,0.77,0.77,0.7,0.57,6.105,16.083,0.078,0.021,0.095,1.646,90,58,70,2.13,0,0,P,,,1,,7/7/1994,7/10/1994,7,1994,116,219.78,54.95,85.79,98.94,24.74,30,37.13,9.28,28.62,31.61,7.9,50,133,33.25,26,37,9.25,0.00,1.25
162,3,7/13/1994 7:30,7/14/1994 7:15,2,1.35,1.88,1.51,1.53,1.18,0.82,11.29,23.75,0.057,0.125,0.125,0.486,83,58,69,1.51,0,0,P,,,1,,7/13/1994,7/15/1994,7,1994,312.19,378.69,126.23,282.65,290.07,96.69,320.08,323.19,107.73,318.73,319.14,106.38,82,135,45,58,63,21,0.00,1.35
163,2,7/19/1994 15:05,7/20/1994 1:30,1,1.22,2.35,2.01,1.79,1.46,1.08,16.002,10.417,0.117,0.004,0.188,0.353,82,68,75,0.95,0,0,P,,,1,,7/19/1994,7/20/1994,7,1994,786.69,812.64,406.32,767.56,774.38,387.19,136.01,137.19,68.6,135.27,135.71,67.86,74,95,47.5,53,53,26.5,0.00,1.22
164,2,8/3/1994 4:35,8/4/1994 18:05,1,0.78,1.14,0.86,0.74,0.49,0.26,2.622,37.5,0.021,0,0.151,0.151,86,63,74,1.27,0,0,P,,,1,,8/3/1994,8/4/1994,8,1994,29,54,27,17.68,31.36,15.68,1.3,2.19,1.1,0.95,1.49,0.75,24,46,23,5,8,4,0.00,0.78
165,2,8/10/1994 1:55,8/10/1994 22:30,1,0.89,0.47,0.35,0.33,0.31,0.27,1.778,20.583,0.043,0,0,0,67,56,62,0.8,0,0,P,,,1,,8/10/1994,8/11/1994,8,1994,34,63,31.5,23.34,38.37,19.19,1.8,3.1,1.55,1.48,2.27,1.14,26,50,25,8,13,6.5,0.00,0.89
166,3,8/18/1994 4:05,8/19/1994 16:55,2,0.8,1,0.97,0.97,0.73,0.4,3.705,36.833,0.022,0.002,0.002,0.007,85,60,73,0.63,0,0,P,,,1,,8/18/1994,8/20/1994,8,1994,36,96,32,21.44,52.32,17.44,2.1,4.9,1.63,1.42,2.86,0.95,27,76,25.33,9,22,7.33,0.00,0.80
167,5,8/25/1994 16:35,8/26/1994 4:35,1,0.38,0.61,0.6,0.54,0.37,0.22,0.919,12,0.032,0,0.001,0.003,87,54,73,0.39,0,0,P,,,1,,8/25/1994,8/29/1994,8,1994,24.88,110.98,22.2,4.32,7.29,1.46,1.63,7.23,1.45,0.31,0.57,0.11,24,110,22,3,5,1,0.00,0.38
168,6,9/1/1994 22:15,9/3/1994 7:15,1,0.66,0.16,0.16,0.15,0.14,0.11,0.495,33,0.02,0.002,0.077,0.102,77,50,63,0.65,0,0,P,,,1,,9/1/1994,9/6/1994,9,1994,31,127.6,21.27,12.66,16.6,2.77,1.5,7.53,1.26,0.34,0.67,0.11,25,127,21.17,6,9,1.5,0.00,0.66
169,6,9/8/1994 6:00,9/8/1994 8:55,1,0.2,0.48,0.43,0.4,0.3,0.17,0.42,2.917,0.07,0,0.081,0.158,90,60,75,0.02,0,0,P,,,1,,9/8/1994,9/13/1994,9,1994,19.7,106.15,17.69,2.2,4.87,0.81,1.16,5.9,0.98,0.19,0.4,0.07,22,122,20.33,2,4,0.67,0.00,0.20
170,7,9/22/1994 2:40,9/25/1994 13:30,1,2.24,1.33,1.32,1.18,0.8,0.51,11.558,82.833,0.027,0.014,0.022,0.022,69,NA,NA,2.38,0,0,P,,,1,,9/22/1994,9/28/1994,9,1994,91,233.12,33.3,72.91,117.41,16.77,17,23.88,3.41,15.88,17.48,2.5,44,188,26.86,24,55,4.58,0.00,2.24
