4,6,na,na,na,na,na,na,na,na,na,na,na,na,na,48,13,29,0.51,14,N,P,S,M,3,14.66,337,-0.463550271,0.886070622,12,1990,1.17,6.36,1.06,0.2,0.43,0.07,0.17,0.9,0.15,0.03,0.05,0.01,0.071882007,0.804139432,0.029383778,-0.677780705,-0.356547324,-1.096910013,-0.744727495,-0.040958608,-0.795880017,-1.397940009,-1.22184875,-1.698970004,5.4,29.4,4.9,1.3,2.4,0.4,na,na
5,5,na,na,na,na,na,na,na,na,na,na,na,na,na,40,11,27,0.55,4,N,P,S,M,3,19.87,345,-0.3375229,0.941317318,12,1990,1.12,5.46,1.09,0.09,0.18,0.04,0.17,0.82,0.16,0.01,0.02,0,0.053078443,0.737987326,0.041392685,-1,-0.721246399,-1.301029996,-0.744727495,-0.080921908,-0.769551079,-1.698970004,-1.522878745,-2,5.2,25.3,5.06,0.3,0.6,0.12,na,na
6,4,na,na,na,na,na,na,na,na,na,na,na,na,na,33,20,29,0.83,4,N,P,S,M,3,16.96,350,-0.255353295,0.966847814,12,1990,1.16,4.58,1.14,0.04,0.09,0.02,0.18,0.71,0.18,0.01,0.02,0,0.068185862,0.661812686,0.06069784,-1.301029996,-1,-1.522878745,-0.721246399,-0.142667504,-0.721246399,-1.698970004,-1.522878745,-2,5.3,21.1,5.28,0.2,0.5,0.13,na,na
7,2,na,na,na,na,na,na,na,na,na,na,na,na,na,8,-15,-1,0.06,1,N,P,S,M,3,20.12,355,-0.171293144,0.985220107,12,1990,1.12,2.2,1.1,0.11,0.13,0.07,0.18,0.35,0.18,0.02,0.02,0.01,0.053078443,0.344392274,0.045322979,-0.920818754,-0.853871964,-1.096910013,-0.721246399,-0.443697499,-0.721246399,-1.522878745,-1.522878745,-1.698970004,5.2,10.2,5.1,0.7,1.2,0.6,na,na
8,5,na,na,na,na,na,na,na,na,na,na,na,na,na,27,-7,9,0.06,1,U,P,S,M,3,22.87,363,-0.034421612,0.999407401,12,1990,1.04,5,1,0.09,0.27,0.05,0.18,0.87,0.17,0.02,0.05,0.01,0.021189299,0.699837726,0.004321374,-1,-0.552841969,-1.22184875,-0.721246399,-0.055517328,-0.744727495,-1.522878745,-1.22184875,-1.698970004,4.9,23.6,4.72,0.5,1,0.2,na,na
9,4,na,na,na,na,na,na,na,na,na,na,na,na,na,19,-10,6,0.29,2,U,P,S,M,3,22.29,4,0.068802427,0.997630305,1,1991,0.9,3.45,0.86,0.05,0.1,0.03,0.15,0.59,0.15,0.01,0.02,0.01,-0.040958608,0.539076099,-0.060480747,-1.22184875,-0.958607315,-1.397940009,-0.795880017,-0.22184875,-0.795880017,-1.698970004,-1.522878745,-1.698970004,4.9,19,4.75,0.2,0.4,0.1,na,na
10,3,na,na,na,na,na,na,na,na,na,na,na,na,na,42,-5,22,0,0,2,0,0,M,5,26.69,19,0.321269662,0.946987753,1,1991,0.91,2.65,0.88,0.08,0.19,0.06,0.15,0.44,0.15,0.02,0.03,0.01,-0.036212173,0.424881637,-0.050609993,-1.045757491,-0.698970004,-1.15490196,-0.795880017,-0.346787486,-0.795880017,-1.522878745,-1.397940009,-1.698970004,5.2,15.1,5.03,0.7,1.3,0.43,0.53,0.53
11,2,na,na,na,na,na,na,na,na,na,na,na,na,na,29,-8,10,0.03,0,N,P,0,M,3,23.81,23,0.385663406,0.922639549,1,1991,0.89,1.7,0.85,0.09,0.16,0.08,0.15,0.28,0.14,0.02,0.03,0.02,-0.045757491,0.23299611,-0.065501549,-1,-0.769551079,-1.045757491,-0.795880017,-0.537602002,-0.823908741,-1.522878745,-1.397940009,-1.522878745,5,9.5,4.75,0.9,1.3,0.65,na,na
12,4,na,na,na,na,na,na,na,na,na,na,na,na,na,31,-1,15,0,0,N,0,0,M,7,24.65,26,0.432775593,0.901501684,1,1991,0.9,3.31,0.83,0.08,0.1,0.03,0.15,0.55,0.14,0.02,0.04,0.01,-0.040958608,0.521138084,-0.075720714,-1.045757491,-0.958607315,-1.397940009,-0.795880017,-0.251811973,-0.823908741,-1.522878745,-1.301029996,-1.698970004,4.9,18,4.5,0.7,1.1,0.28,na,na
13,15,na,na,na,na,na,na,na,na,na,na,na,na,na,50,-6,29,0,0,8,0,0,M,5,27.44,32,0.523415607,0.852077521,2,1991,1.15,15.58,1.04,0.2,0.65,0.04,0.19,2.55,0.17,0.03,0.12,0.01,0.064457989,1.192846115,0.021189299,-0.677780705,-0.180456064,-1.301029996,-0.698970004,0.408239965,-0.744727495,-1.397940009,-0.886056648,-1.698970004,5.7,78.3,5.22,0.9,2.7,0.18,2.2,2.2
14,5,na,na,na,na,na,na,na,na,na,na,na,na,na,47,9,26,0.05,0,1,0,0,M,5,32.94,51,0.769414827,0.638749422,2,1991,1.3,5.87,1.17,0.2,0.53,0.11,0.21,0.94,0.19,0.03,0.08,0.02,0.117271296,0.769377326,0.071882007,-0.677780705,-0.26760624,-0.920818754,-0.657577319,-0.022276395,-0.698970004,-1.397940009,-1.045757491,-1.522878745,5.9,26.7,5.34,0.9,2.1,0.42,0.33,0.33
16,3,na,na,na,na,na,na,na,na,na,na,na,na,na,53,10,33,0.1,0,U,P,0,M,3,10,64,0.891981346,0.452072204,3,1991,2.25,5.3,1.77,1.03,1.39,0.46,0.58,0.99,0.33,0.38,0.38,0.13,0.354108439,0.725094521,0.250420002,0.017033339,0.146128036,-0.327902142,-0.229147988,0,-0.468521083,-0.408935393,-0.408935393,-0.853871964,9.2,21.6,7.2,3.4,5,1.67,na,na
18,3,na,na,na,na,na,na,na,na,na,na,na,na,na,47,24,38,0.03,0,Z,0,0,M,6,na,69,0.927541684,0.373719715,3,1991,2.1,5.43,1.81,0.59,0.91,0.3,1.3,1.77,0.59,1.09,1.13,0.38,0.324282455,0.7355989,0.260071388,-0.22184875,-0.036212173,-0.508638306,0.117271296,0.250420002,-0.22184875,0.041392685,0.056904851,-0.408935393,8.1,21,7,2.3,3.4,1.13,na,na
19,5,na,na,na,na,na,na,na,na,na,na,na,na,na,49,26,38,0.04,0,U,P,0,M,3,na,73,0.951056516,0.309016994,3,1991,1.94,8.91,1.78,0.21,0.56,0.11,0.26,1.2,0.24,0.03,0.07,0.01,0.290034611,0.950364854,0.252853031,-0.657577319,-0.244125144,-0.920818754,-0.568636236,0.08278537,-0.602059991,-1.397940009,-1.096910013,-1.698970004,7,32.9,6.58,0.4,0.7,0.14,na,na
51,2,na,na,na,na,na,na,na,na,na,na,na,na,na,37,8,22,0,0,1,0,0,M,5,14.98,312,-0.790945657,0.611886401,11,1991,10.27,19.2,9.6,2.48,3.61,1.81,1.46,2.83,1.42,0.17,0.25,0.13,1.011993115,1.283527365,0.982723388,0.396199347,0.558708571,0.260071388,0.167317335,0.45331834,0.155336037,-0.744727495,-0.585026652,-0.853871964,7.9,15.8,7.9,0,0,0,0.15,0.15
54,2,na,na,na,na,na,na,na,na,na,na,na,na,na,47,26,41,0,0,Z,0,0,M,6,na,324,-0.648629561,0.761104259,11,1991,10.85,20.38,10.19,2.57,3.82,1.91,1.82,3.54,1.77,0.23,0.35,0.18,1.035829825,1.309417226,1.008600172,0.411619706,0.583198774,0.283301229,0.26245109,0.550228353,0.250420002,-0.619788758,-0.443697499,-0.721246399,11,21,10.5,1,1,0.5,na,na
55,2,na,na,na,na,na,na,na,na,na,na,na,na,na,34,10,22,0.25,0,N,P,0,M,3,7.2,327,-0.60847687,0.793571609,11,1991,7.55,14.54,7.27,1.71,2.86,1.43,1.56,3.1,1.55,0.18,0.34,0.17,0.878521796,1.162862993,0.862131379,0.235528447,0.457881897,0.158362492,0.195899652,0.492760389,0.193124598,-0.721246399,-0.455931956,-0.744727495,9.9,19.7,9.85,0.2,0.3,0.15,na,na
57,3,na,na,na,na,na,na,na,na,na,na,na,na,na,46,20,34,0,0,N,0,0,M,7,26.78,341,-0.401487989,0.915864288,12,1991,5.85,15.02,5.01,1.5,2.23,0.74,1.17,3.37,1.12,0.12,0.21,0.07,0.767897616,1.176958981,0.700703717,0.178976947,0.350248018,-0.124938737,0.071882007,0.5289167,0.053078443,-0.886056648,-0.657577319,-1.096910013,9.1,27.1,9.03,0.1,0.1,0.03,na,na
59,2,na,na,na,na,na,na,na,na,na,na,na,na,na,36,21,30,0.2,1,1,P,S,M,3,47.7,354,-0.18822671,0.982125606,12,1991,3.72,7.43,3.71,0.1,0.19,0.1,1.23,2.45,1.22,0.03,0.05,0.03,0.571708832,0.871572936,0.57054294,-0.958607315,-0.698970004,-0.958607315,0.093421685,0.390935107,0.089905111,-1.397940009,-1.22184875,-1.397940009,7.8,15.5,7.75,0.2,0.3,0.15,0.48,0.48
60,14,na,na,na,na,na,na,na,na,na,na,na,na,na,38,15,31,0.01,0,5,0,0,M,5,44.75,357,-0.137278772,0.990532452,12,1991,3.55,41.59,2.97,0.32,1.04,0.07,1.18,14.25,1.02,0.09,0.25,0.02,0.551449998,1.619093331,0.474216264,-0.48148606,0.021189299,-1.096910013,0.075546961,1.154119526,0.012837225,-1,-0.585026652,-1.522878745,7.8,101.7,7.26,0.4,0.5,0.04,2.24,2.24
61,4,na,na,na,na,na,na,na,na,na,na,na,na,na,46,12,30,0.15,0,U,P,0,M,3,34.86,8,0.137278772,0.990532452,1,1992,2.66,10.2,2.55,0.14,0.32,0.08,0.96,3.68,0.92,0.06,0.12,0.03,0.426511261,1.009025742,0.408239965,-0.823908741,-0.48148606,-1.045757491,-0.013228266,0.567026366,-0.031517051,-1.15490196,-0.886056648,-1.397940009,7.9,30.6,7.65,0.4,0.9,0.23,na,na
62,2,na,na,na,na,na,na,na,na,na,na,na,na,na,37,6,21,0,0,Z,0,0,M,6,32.86,13,0.221921513,0.975064532,1,1992,2.33,4.58,2.29,0.16,0.25,0.13,0.85,1.68,0.84,0.05,0.08,0.04,0.369215857,0.661812686,0.361727836,-0.769551079,-0.585026652,-0.853871964,-0.065501549,0.227886705,-0.070581074,-1.22184875,-1.045757491,-1.301029996,7.4,14.8,7.4,0,0,0,na,na
63,2,na,na,na,na,na,na,na,na,na,na,na,na,na,38,7,25,0,0,Z,0,0,M,6,20.38,20,0.3375229,0.941317318,1,1992,1.7,3.38,1.69,0.04,0.07,0.04,0.64,1.28,0.64,0.02,0.04,0.02,0.23299611,0.530199698,0.230448921,-1.301029996,-1.096910013,-1.301029996,-0.187086643,0.11058971,-0.187086643,-1.522878745,-1.301029996,-1.522878745,6.2,12.4,6.2,0.3,0.3,0.15,na,na
65,2,na,na,na,na,na,na,na,na,na,na,na,na,na,37,24,32,0,0,Z,0,0,M,6,29.13,30,0.49377555,0.869589389,1,1992,1.8,3.58,1.79,0.04,0.08,0.04,0.6,1.19,0.6,0.03,0.04,0.02,0.257678575,0.555094449,0.255272505,-1.301029996,-1.045757491,-1.301029996,-0.214670165,0.079181246,-0.214670165,-1.397940009,-1.301029996,-1.522878745,6.7,13.3,6.65,0.2,0.3,0.15,na,na
66,6,na,na,na,na,na,na,na,na,na,na,na,na,na,43,12,32,0,0,2,0,0,M,5,32.48,33,0.538005172,0.842941537,2,1992,1.9,11.14,1.86,0.23,0.43,0.07,0.6,3.46,0.58,0.09,0.18,0.03,0.281033367,1.047274867,0.271841607,-0.619788758,-0.356547324,-1.096910013,-0.214670165,0.540329475,-0.229147988,-1,-0.721246399,-1.397940009,7,41.3,6.88,0.4,1.1,0.18,0.65,0.65
67,3,na,na,na,na,na,na,na,na,na,na,na,na,na,40,28,35,0.24,2.5,1.5,P,S,M,3,28.62,48,0.735417023,0.677614789,2,1992,7.47,13.49,4.5,5.75,8.17,2.72,1.38,3.08,1.03,0.93,1.68,0.56,0.873901598,1.130333768,0.654176542,0.760422483,0.912753304,0.436162647,0.1430148,0.489958479,0.017033339,-0.026872146,0.227886705,-0.244125144,8,22.4,7.47,1.1,1.7,0.57,0.43,0.43
68,7,na,na,na,na,na,na,na,na,na,na,na,na,na,60,21,38,0.13,0,4,P,0,M,3,26.65,56,0.821476553,0.570242293,2,1992,218.12,359.6,51.37,197.05,273.19,39.03,139.29,183.95,26.28,129.92,150.77,21.54,2.338715399,2.55583176,1.7107941,2.294598478,2.436480695,1.591509809,2.143951116,2.264723401,1.419790586,2.113709438,2.178343739,1.333447274,17,78.8,11.26,7.2,18.6,1.55,1.07,1.07
71,14,na,na,na,na,na,na,na,na,na,na,na,na,na,63,10,34,0.26,0,3,P,0,M,3,13.44,73,0.951056516,0.309016994,3,1992,9.11,61.4,4.39,4.56,6.6,0.47,2.14,23.89,1.71,0.23,1.18,0.08,0.959994838,1.788239097,0.643452676,0.6599162,0.820201459,-0.318758763,0.33243846,1.378397901,0.235528447,-0.619788758,0.075546961,-1.045757491,10,137.1,9.79,0.5,3,0.21,0.4,0.4
73,7,na,na,na,na,na,na,na,na,na,na,na,na,na,70,23,42,0,0,Z,0,0,M,6,na,91,0.99999074,0.004303538,3,1992,2.89,17.21,2.46,0.33,1.17,0.17,0.88,5.12,0.73,0.11,0.39,0.06,0.462397998,1.236033147,0.392696953,-0.468521083,0.071882007,-0.744727495,-0.050609993,0.710117365,-0.13076828,-0.920818754,-0.397940009,-1.15490196,9.3,63.3,9.04,0.2,3.1,0.26,na,na
74,7,na,na,na,na,na,na,na,na,na,na,na,na,na,65,22,41,0.33,0,U,P,0,M,3,na,98,0.993256849,-0.1159346,4,1992,1.92,11.52,1.65,0.16,0.55,0.08,0.55,3.2,0.46,0.05,0.16,0.02,0.285557309,1.061829307,0.220108088,-0.769551079,-0.251811973,-1.045757491,-0.251811973,0.506505032,-0.327902142,-1.22184875,-0.769551079,-1.522878745,8.6,58.7,8.39,0.4,1.5,0.13,na,na
96,3,na,na,na,na,na,na,na,na,na,na,na,na,na,33,6,21,0.18,2,1,P,S,M,3,10,354,-0.18822671,0.982125606,12,1992,6.02,17.3,5.77,0.43,0.64,0.21,1.08,3.17,1.06,0.03,0.05,0.02,0.780317312,1.238297068,0.761927838,-0.356547324,-0.187086643,-0.657577319,0.037426498,0.50242712,0.029383778,-1.397940009,-1.22184875,-1.522878745,8.4,25,8.33,0.1,0.1,0.03,0.1,0.1
97,2,na,na,na,na,na,na,na,na,na,na,na,na,na,34,0,21,0.25,3,U,P,S,M,3,14.91,364,-0.017213356,0.999851839,12,1992,3.64,7.13,3.57,0.38,0.62,0.31,0.83,1.64,0.82,0.05,0.08,0.04,0.562292864,0.853698212,0.553883027,-0.408935393,-0.200659451,-0.494850022,-0.075720714,0.217483944,-0.080921908,-1.22184875,-1.045757491,-1.301029996,7.4,14.8,7.4,0,0,0,na,na
98,2,na,na,na,na,na,na,na,na,na,na,na,na,na,4,na,-2,0.03,0,1,P,0,M,3,15.48,366,0.017213356,0.999851839,12,1992,3.26,6.22,3.11,0.08,0.08,0.04,0.78,1.5,0.75,0,0,0,0.514547753,0.794488047,0.494154594,-1.045757491,-1.045757491,-1.301029996,-0.102372909,0.178976947,-0.119186408,-2,-2,-2,7.2,14,7,0.4,0.4,0.2,0.15,0.15
99,3,na,na,na,na,na,na,na,na,na,na,na,na,na,0,0,na,0.1,1.7,N,P,S,M,3,14.29,3,0.051619667,0.998666816,1,1993,2.88,8.27,2.76,0.36,0.51,0.17,0.74,2.16,0.72,0.06,0.1,0.03,0.460897843,0.918030337,0.442479769,-0.431798276,-0.283996656,-0.744727495,-0.124938737,0.336459734,-0.13667714,-1.15490196,-0.958607315,-1.397940009,7.2,21.2,7.07,0.3,0.5,0.17,na,na
100,3,na,na,na,na,na,na,na,na,na,na,na,na,na,na,na,na,0.91,9,N,P,S,M,3,11.91,12,0.2051045,0.97874008,1,1993,1.91,5.59,1.86,0.21,0.33,0.11,0.61,1.81,0.6,0.04,0.09,0.03,0.283301229,0.748188027,0.271841607,-0.657577319,-0.468521083,-0.920818754,-0.207608311,0.260071388,-0.214670165,-1.301029996,-1,-1.397940009,6.9,20.4,6.8,0.2,0.3,0.1,na,na
101,5,na,na,na,na,na,na,na,na,na,na,na,na,na,na,na,na,0.49,0,1,P,0,M,3,11.61,19,0.321269662,0.946987753,1,1993,1.67,7.73,1.55,0.23,0.71,0.14,0.65,2.95,0.59,0.1,0.29,0.06,0.225309282,0.888740961,0.193124598,-0.619788758,-0.142667504,-0.823908741,-0.180456064,0.471291711,-0.22184875,-0.958607315,-0.522878745,-1.15490196,7.3,34.7,6.94,1.1,1.8,0.36,0.12,0.12
102,13,na,na,na,na,na,na,na,na,na,na,na,na,na,47,18,30,0.09,0,7,P,0,M,3,21.2,24,0.401487989,0.915864288,1,1993,2.06,23.09,1.78,0.14,0.72,0.06,0.9,9.61,0.74,0.07,0.38,0.03,0.315970345,1.36361198,0.252853031,-0.823908741,-0.13667714,-1.15490196,-0.040958608,0.983175072,-0.124938737,-1.096910013,-0.408935393,-1.397940009,7.4,90.6,6.97,0.6,2.2,0.17,1.48,1.48
103,2,na,na,na,na,na,na,na,na,na,na,na,na,na,33,18,27,0.22,0,U,P,0,M,3,26.17,41,0.648629561,0.761104259,2,1993,2.32,4.59,2.3,0.07,0.1,0.05,1.07,2.12,1.06,0.05,0.07,0.04,0.367355921,0.662757832,0.36361198,-1.096910013,-0.958607315,-1.22184875,0.033423755,0.328379603,0.029383778,-1.22184875,-1.096910013,-1.301029996,7.6,15.2,7.6,0.1,0.1,0.05,na,na
104,4,na,na,na,na,na,na,na,na,na,na,na,na,na,27,1,15,0.04,0,U,P,0,M,3,25.1,44,0.687052767,0.726607525,2,1993,2.45,9.57,2.39,0.11,0.29,0.07,1.16,4.56,1.14,0.09,0.24,0.06,0.390935107,0.981365509,0.380211242,-0.920818754,-0.522878745,-1.096910013,0.068185862,0.6599162,0.06069784,-1,-0.602059991,-1.15490196,7.9,30.1,7.52,0.4,0.9,0.22,na,na
105,10,na,na,na,na,na,na,na,na,na,na,na,na,na,47,19,35,0.01,0,5,0,0,M,5,25.38,59,0.849817092,0.527077709,2,1993,4.53,29.82,2.98,0.98,1.83,0.18,1.23,8.48,0.85,0.39,0.67,0.07,0.657055853,1.474653253,0.475671188,-0.004364805,0.264817823,-0.721246399,0.093421685,0.92890769,-0.065501549,-0.397940009,-0.167491087,-1.096910013,9.3,80.9,8.09,0.7,1.8,0.18,1.27,1.27
106,3,na,na,na,na,na,na,na,na,na,na,na,na,na,35,8,21,0.5,3.3,U,P,S,M,3,20.36,69,0.927541684,0.373719715,3,1993,4.06,11.31,3.77,0.52,0.79,0.26,1.08,2.97,0.99,0.16,0.24,0.08,0.609594409,1.053846427,0.5774918,-0.27572413,-0.096910013,-0.568636236,0.037426498,0.474216264,0,-0.769551079,-0.602059991,-1.045757491,8.9,25.6,8.53,0.7,1,0.33,na,na
107,4,na,na,na,na,na,na,na,na,na,na,na,na,na,41,4,20,0,0,2,0,0,M,5,27.06,74,0.956234827,0.292600336,3,1993,3.03,11.66,2.91,0.16,0.41,0.1,0.74,2.88,0.72,0.02,0.03,0.01,0.482873584,1.067070856,0.465382851,-0.769551079,-0.37675071,-0.958607315,-0.124938737,0.460897843,-0.13667714,-1.522878745,-1.397940009,-1.698970004,8,31,7.75,0.4,1,0.25,0.54,0.54
108,8,na,na,na,na,na,na,na,na,na,na,na,na,na,65,29,40,0.09,1,7,P,S,M,3,29.17,81,0.984473817,0.17553149,3,1993,91.43,377,47.13,43.24,143.44,17.93,35.47,140.2,17.53,15.67,46.02,5.75,1.961136217,2.57635287,1.673389578,1.635986112,2.156700553,1.253822439,1.549983611,2.146778989,1.244029589,1.195346058,1.663040975,0.760422483,18,104.3,13.04,4,11.5,1.05,2.04,2.04
138,4,na,na,na,na,na,na,na,na,na,na,na,na,na,34,11,24,0.49,3,U,P,S,M,3,13.31,329,-0.580800273,0.814046094,11,1993,3.46,13.55,3.39,0.12,0.26,0.06,1.03,4.05,1.01,0.03,0.09,0.02,0.540329475,1.13225969,0.531478917,-0.886056648,-0.568636236,-1.15490196,0.017033339,0.608526034,0.008600172,-1.397940009,-1,-1.522878745,11,44,11,0,0,0,na,na
139,4,na,na,na,na,na,na,na,na,na,na,na,na,na,40,27,33,0.02,0,N,P,0,M,3,8.62,335,-0.49377555,0.869589389,12,1993,3.39,13.38,3.34,0.21,0.33,0.08,1.02,4.04,1.01,0.06,0.1,0.03,0.531478917,1.126780577,0.525044807,-0.657577319,-0.468521083,-1.045757491,0.012837225,0.607455023,0.008600172,-1.15490196,-0.958607315,-1.397940009,12,47,11.75,0,0,0,na,na
140,3,na,na,na,na,na,na,na,na,na,na,na,na,na,50,31,40,0.21,0,N,P,0,M,3,na,347,-0.304921225,0.952377576,12,1993,3.47,9.93,3.31,0.35,0.52,0.17,1.07,3.07,1.02,0.11,0.17,0.06,0.541579244,0.997386384,0.521138084,-0.443697499,-0.27572413,-0.744727495,0.033423755,0.488550717,0.012837225,-0.920818754,-0.744727495,-1.15490196,12,35,11.67,1,2,0.67,na,na
141,3,na,na,na,na,na,na,na,na,na,na,na,na,na,38,30,34,0.21,0,N,P,0,M,3,na,351,-0.238672766,0.971100052,12,1993,3.39,10.05,3.35,0.13,0.32,0.11,1.04,3.1,1.03,0.03,0.09,0.03,0.531478917,1.002597981,0.526339277,-0.853871964,-0.48148606,-0.920818754,0.021189299,0.492760389,0.017033339,-1.397940009,-1,-1.397940009,12,36,12,0,0,0,na,na
142,4,na,na,na,na,na,na,na,na,na,na,na,na,na,28,0,15,0.08,2,1,P,S,M,3,5,355,-0.171293144,0.985220107,12,1993,3.18,11.56,2.89,0.52,1.08,0.27,0.97,3.51,0.88,0.16,0.33,0.08,0.503790683,1.063333359,0.462397998,-0.27572413,0.037426498,-0.552841969,-0.008773924,0.546542663,-0.050609993,-0.769551079,-0.468521083,-1.045757491,11,41.6,10.4,0.6,0.8,0.2,0.05,0.05
143,4,na,na,na,na,na,na,na,na,na,na,na,na,na,38,11,24,0.08,2,N,P,S,M,3,8.26,365,6.43E-16,1,12,1993,2.72,10.8,2.7,0.18,0.34,0.09,0.8,3.17,0.79,0.05,0.09,0.02,0.436162647,1.033825694,0.432969291,-0.721246399,-0.455931956,-1,-0.091514981,0.50242712,-0.096910013,-1.22184875,-1,-1.522878745,10,40,10,0.6,0.6,0.15,na,na
144,2,na,na,na,na,na,na,na,na,na,na,na,na,na,-7,-24,-16,0.1,0,N,P,0,M,3,10.43,14,0.238672766,0.971100052,1,1994,2.4,4.68,2.34,0.12,0.13,0.07,0.67,1.32,0.66,0.03,0.03,0.02,0.382017043,0.671172843,0.371067862,-0.886056648,-0.853871964,-1.096910013,-0.167491087,0.123851641,-0.173925197,-1.397940009,-1.397940009,-1.522878745,9.4,18.4,9.2,0.4,0.4,0.2,na,na
145,4,na,na,na,na,na,na,na,na,na,na,na,na,na,40,2,21,0,0,N,0,0,M,7,13.78,21,0.353676122,0.935367949,1,1994,2.48,9.77,2.44,0.12,0.37,0.09,0.68,2.67,0.67,0.03,0.09,0.02,0.396199347,0.990338855,0.389166084,-0.886056648,-0.420216403,-1,-0.161150909,0.428134794,-0.167491087,-1.397940009,-1,-1.522878745,9.9,39,9.75,0.6,0.9,0.23,na,na
146,1,na,na,na,na,na,na,na,na,na,na,na,na,na,20,13,17,0.09,2,1,P,S,M,3,11.11,26,0.432775593,0.901501684,1,1994,2.42,2.42,2.42,0.04,0.04,0.04,0.65,0.65,0.65,0.01,0.01,0.01,0.385606274,0.385606274,0.385606274,-1.301029996,-1.301029996,-1.301029996,-0.180456064,-0.180456064,-0.180456064,-1.698970004,-1.698970004,-1.698970004,9.7,9.7,9.7,0.1,0.1,0.05,0.11,0.11
147,4,na,na,na,na,na,na,na,na,na,na,na,na,na,55,21,37,0,0,N,0,0,M,7,19.29,48,0.735417023,0.677614789,2,1994,2852.11,2965.83,741.46,2843.3,2943.69,735.92,1484.47,1533.42,383.36,1481.59,1526.52,381.63,3.455167794,3.472147718,2.870093584,3.453824212,3.468893548,2.866836507,3.171574351,3.185663956,2.583618125,3.170730969,3.183705344,2.581653887,124,164,41,110,112.5,28.13,na,na
148,4,na,na,na,na,na,na,na,na,na,na,na,na,na,52,0,na,0.25,0,N,P,0,M,3,24.33,63,0.88406751,0.467359217,3,1994,773.78,1265.32,316.33,765.33,1233.34,308.34,373.66,520.6,130.15,371.2,510.89,127.72,2.888623113,3.102203805,2.50015411,2.883854412,3.091086338,2.489043953,2.572488232,2.716512506,2.11447754,2.569619667,2.708335903,2.106292912,42,105,26.25,32,56,14,na,na
173,4,na,na,na,na,na,na,na,na,na,na,na,na,na,46,19,32,0,0,Z,0,0,M,6,na,363,-0.034421612,0.999407401,12,2002,2.3,8.89,2.22,0.33,0.87,0.22,0.92,3.54,0.89,0.13,0.36,0.09,0.36361198,0.949390007,0.348304863,-0.468521083,-0.055517328,-0.638272164,-0.031517051,0.550228353,-0.045757491,-0.853871964,-0.431798276,-1,8.25,31.8,7.95,0.45,0.92,0.23,na,na
174,4,na,na,na,na,na,na,na,na,na,na,na,na,na,55,12,37,0.02,0.5,Z,0,S,M,6,na,7,0.120208045,0.992748722,1,2003,2.12,7.98,2,0.21,0.38,0.1,0.88,3.33,0.83,0.08,0.15,0.04,0.328379603,0.902546779,0.303196057,-0.657577319,-0.408935393,-0.958607315,-0.050609993,0.523746467,-0.075720714,-1.045757491,-0.795880017,-1.301029996,7.72,29.17,7.29,0.83,1.92,0.48,na,na
175,2,na,na,na,na,na,na,na,na,na,na,na,na,na,39,6,22,0.02,0.2,Z,0,S,M,6,na,12,0.2051045,0.97874008,1,2003,1.9,3.74,1.87,0.17,0.28,0.14,0.81,1.6,0.8,0.07,0.12,0.06,0.281033367,0.574031268,0.274157849,-0.744727495,-0.537602002,-0.823908741,-0.086186148,0.206825876,-0.091514981,-1.096910013,-0.886056648,-1.15490196,7,13.81,6.9,0.4,0.61,0.3,na,na
177,2,na,na,na,na,na,na,na,na,na,na,na,na,na,20,2,13,0.1,1.4,1,P,S,M,3,na,36,0.580800273,0.814046094,2,2003,1.65,3.14,1.57,0.23,0.3,0.15,0.67,1.27,0.64,0.1,0.13,0.07,0.220108088,0.498310554,0.198657087,-0.619788758,-0.508638306,-0.795880017,-0.167491087,0.10720997,-0.187086643,-0.958607315,-0.853871964,-1.096910013,7.52,14.35,7.18,0.69,0.69,0.35,na,na
178,4,na,na,na,na,na,na,na,na,na,na,na,na,na,55,17,37,0.03,0,3,0,0,M,5,na,49,0.746972088,0.664855398,2,2003,358,699.78,174.95,250,481.16,120.29,116,155.96,38.99,108.92,140.78,35.2,2.553895158,2.844967732,2.24293877,2.39795738,2.682298542,2.080265627,2.064495427,2.193041072,1.591064607,2.037147504,2.148571809,1.546666025,25.64,65.2,16.3,18.36,37.06,9.27,na,na
179,2,na,na,na,na,na,na,na,na,na,na,na,na,na,23,4,12,0.06,0.2,U,P,S,M,3,na,54,0.801361088,0.598180914,2,2003,27.8,40.9,20.45,20.63,26.56,13.28,3.42,5.85,2.93,1.68,2.37,1.19,1.444200989,1.611829479,1.310905629,1.314709693,1.424391554,1.123524981,0.53529412,0.767897616,0.46834733,0.227886705,0.376576957,0.079181246,8.35,15.93,7.97,0.77,0.77,0.39,na,na
180,4,na,na,na,na,na,na,na,na,na,na,na,na,na,31,1,18,0.15,1.8,1.5,P,S,M,3,10,64,0.891981346,0.452072204,3,2003,4.47,17.52,4.38,0.36,0.92,0.23,0.4,1.58,0.4,0.03,0.08,0.02,0.651278014,1.243781916,0.64246452,-0.431798276,-0.031517051,-0.619788758,-0.387216143,0.201397124,-0.387216143,-1.397940009,-1.045757491,-1.522878745,7.89,30.9,7.72,0.43,1.09,0.27,0.15,0.15
181,4,na,na,na,na,na,na,na,na,na,na,na,na,na,72,24,51,0.14,0,U,P,0,M,3,na,73,0.951056516,0.309016994,3,2003,1800,4059,1014.75,1794.7,4026.6,1006.65,721,1420.7,355.18,720.55,1417.08,354.27,3.255274918,3.608420121,3.00636334,3.253994283,3.604939568,3.002882812,2.857941288,3.152505437,2.55046073,2.85767015,3.151397433,2.549346636,75.3,198.53,49.63,66.83,133.66,33.41,na,na
212,2,na,na,na,na,na,na,na,na,na,na,na,na,na,39,30,35,0,0,2,0,0,M,5,na,340,-0.417193603,0.908817637,12,2003,0.97,1.93,0.97,0.01,0.01,0.01,0.17,0.34,0.17,0,0,0,-0.008773924,0.28780173,-0.008773924,-1.698970004,-1.698970004,-1.698970004,-0.744727495,-0.455931956,-0.744727495,-2,-2,-2,5.71,11.3,5.65,0.07,0.08,0.04,na,na
214,3,na,na,na,na,na,na,na,na,na,na,na,na,na,32,21,27,0.21,0.8,4,P,S,M,3,10,348,-0.288482433,0.957485188,12,2003,0.96,2.77,0.92,0.08,0.13,0.04,0.17,0.48,0.16,0.02,0.03,0.01,-0.013228266,0.444044796,-0.031517051,-1.045757491,-0.853871964,-1.301029996,-0.744727495,-0.30980392,-0.769551079,-1.522878745,-1.397940009,-1.698970004,6.07,17.34,5.78,0.76,1.47,0.49,0.4,0.4
215,2,na,na,na,na,na,na,na,na,na,na,na,na,na,31,16,24,0.02,0.2,1,P,S,M,3,10,352,-0.221921513,0.975064532,12,2003,0.96,1.9,0.95,0.05,0.08,0.04,0.17,0.33,0.17,0.01,0.01,0.01,-0.013228266,0.281033367,-0.017728767,-1.22184875,-1.045757491,-1.301029996,-0.744727495,-0.468521083,-0.744727495,-1.698970004,-1.698970004,-1.698970004,6.09,12.09,6.04,0.2,0.3,0.15,0.1,0.1
216,5,na,na,na,na,na,na,na,na,na,na,na,na,na,44,9,27,0,0,1,0,0,M,5,10,355,-0.171293144,0.985220107,12,2003,0.98,4.89,0.98,0.03,0.05,0.01,0.23,1.05,0.21,0.02,0.06,0.01,-0.004364805,0.69019608,-0.004364805,-1.397940009,-1.22184875,-1.698970004,-0.619788758,0.025305865,-0.657577319,-1.522878745,-1.15490196,-1.698970004,6.1,30.26,6.05,0.1,0.26,0.05,0.1,0.1
217,5,na,na,na,na,na,na,na,na,na,na,na,na,na,49,18,35,0.08,0.1,3,P,S,M,3,10,360,-0.085964799,0.996298175,12,2003,1.31,5.7,1.14,0.26,0.65,0.13,0.35,1.52,0.3,0.09,0.16,0.03,0.120573931,0.756636108,0.06069784,-0.568636236,-0.180456064,-0.853871964,-0.443697499,0.184691431,-0.508638306,-1,-0.769551079,-1.397940009,7.85,34.26,6.85,1.66,3.69,0.74,0.3,0.3
218,4,na,na,na,na,na,na,na,na,na,na,na,na,na,44,15,29,0.1,0,U,P,0,M,3,na,365,6.43E-16,1,12,2003,1.01,3.9,0.98,0.06,0.1,0.03,0.33,1.26,0.32,0.02,0.04,0.01,0.008600172,0.592176757,-0.004364805,-1.15490196,-0.958607315,-1.397940009,-0.468521083,0.103803721,-0.48148606,-1.522878745,-1.301029996,-1.698970004,5.89,22.79,5.7,0.42,0.86,0.21,na,na
219,4,na,na,na,na,na,na,na,na,na,na,na,na,na,43,17,30,0,0,Z,0,0,M,6,10,11,0.18822671,0.982125606,1,2004,0.97,3.83,0.96,0.04,0.13,0.03,0.51,1.97,0.49,0.05,0.11,0.03,-0.008773924,0.584331224,-0.013228266,-1.301029996,-0.853871964,-1.397940009,-0.283996656,0.29666519,-0.301029996,-1.22184875,-0.920818754,-1.397940009,5.35,21.04,5.26,0.16,0.22,0.05,na,na
220,3,na,na,na,na,na,na,na,na,na,na,na,na,na,33,-3,17,0.15,0,U,P,0,M,3,na,17,0.288482433,0.957485188,1,2004,1.6,3.62,1.21,0.71,0.98,0.33,0.89,2.03,0.68,0.41,0.59,0.2,0.206825876,0.559906625,0.086359831,-0.142667504,-0.004364805,-0.468521083,-0.045757491,0.309630167,-0.161150909,-0.37675071,-0.22184875,-0.677780705,5.21,15.26,5.09,0.2,0.45,0.15,na,na
221,2,na,na,na,na,na,na,na,na,na,na,na,na,na,36,-8,15,0,0,Z,0,0,M,6,na,21,0.353676122,0.935367949,1,2004,2,2.9,1.45,1.15,1.19,0.6,1.1,1.61,0.81,0.61,0.64,0.32,0.303196057,0.463892989,0.164352856,0.064457989,0.079181246,-0.214670165,0.045322979,0.209515015,-0.086186148,-0.207608311,-0.187086643,-0.48148606,5.3,10.5,5.25,0.16,0.22,0.11,na,na
222,4,na,na,na,na,na,na,na,na,na,na,na,na,na,23,-12,7,0.31,5.2,3,P,S,M,3,10,26,0.432775593,0.901501684,1,2004,0.92,3.64,0.91,0.06,0.12,0.03,0.55,2.18,0.55,0.02,0.06,0.02,-0.031517051,0.562292864,-0.036212173,-1.15490196,-0.886056648,-1.397940009,-0.251811973,0.340444115,-0.251811973,-1.522878745,-1.15490196,-1.522878745,5.82,22.94,5.73,0.19,0.38,0.09,0.3,0.3
223,3,na,na,na,na,na,na,na,na,na,na,na,na,na,29,5,18,0.43,2.7,0.4,P,S,M,3,10,32,0.523415607,0.852077521,2,2004,0.87,2.55,0.85,0.04,0.08,0.03,0.55,1.61,0.54,0.03,0.06,0.02,-0.055517328,0.408239965,-0.065501549,-1.301029996,-1.045757491,-1.397940009,-0.251811973,0.209515015,-0.259637311,-1.397940009,-1.15490196,-1.522878745,5.81,17.01,5.67,0.4,0.69,0.23,0.04,0.04
224,3,na,na,na,na,na,na,na,na,na,na,na,na,na,31,14,24,0.41,4.4,1.9,P,S,M,3,10,36,0.580800273,0.814046094,2,2004,0.81,2.37,0.79,0.04,0.08,0.03,0.52,1.53,0.51,0.02,0.04,0.01,-0.086186148,0.376576957,-0.096910013,-1.301029996,-1.045757491,-1.397940009,-0.27572413,0.187520721,-0.283996656,-1.522878745,-1.301029996,-1.698970004,5.61,16.51,5.5,0.21,0.31,0.1,0.19,0.19
225,2,na,na,na,na,na,na,na,na,na,na,na,na,na,29,10,21,0.03,0.8,0.6,P,S,M,3,10,40,0.635432301,0.772156584,2,2004,0.73,1.45,0.73,0.02,0.03,0.02,0.48,0.96,0.48,0,0,0,-0.13076828,0.164352856,-0.13076828,-1.522878745,-1.397940009,-1.522878745,-0.30980392,-0.013228266,-0.30980392,-2,-2,-2,5.22,10.43,5.21,0.02,0.03,0.01,0.06,0.06
226,3,na,na,na,na,na,na,na,na,na,na,na,na,na,31,7,20,0.05,0.5,1.2,P,S,M,3,10,42,0.661634618,0.749826401,2,2004,0.71,2.06,0.69,0.02,0.03,0.01,0.48,1.41,0.47,0.01,0.01,0,-0.142667504,0.315970345,-0.15490196,-1.522878745,-1.397940009,-1.698970004,-0.30980392,0.152288344,-0.318758763,-1.698970004,-1.698970004,-2,5.17,15.28,5.09,0.14,0.19,0.06,0.12,0.12
231,2,na,na,na,na,na,na,na,na,na,na,na,na,na,43,23,35,0.12,0,U,P,0,M,3,na,73,0.951056516,0.309016994,3,2004,4.91,9.57,4.79,2.03,3.81,1.91,0.78,1.33,0.67,0.44,0.65,0.33,0.691965103,0.981365509,0.681241237,0.309630167,0.582063363,0.283301229,-0.102372909,0.127104798,-0.167491087,-0.346787486,-0.180456064,-0.468521083,8.28,15.69,7.84,0.88,0.89,0.44,na,na
235,2,na,na,na,na,na,na,na,na,na,na,na,na,na,57,28,42,0,0,Z,0,0,M,6,na,91,0.99999074,0.004303538,3,2004,7.57,13.54,6.77,2.79,3.98,1.99,0.39,0.7,0.35,0.13,0.18,0.09,0.879669206,1.131939295,0.831229694,0.447158031,0.600972896,0.301029996,-0.397940009,-0.148741651,-0.443697499,-0.853871964,-0.721246399,-1,10.35,20.11,10.05,0.59,0.59,0.29,na,na
236,2,na,na,na,na,na,na,na,na,na,na,na,na,na,59,30,45,0,0,Z,0,0,M,6,na,94,0.998879716,-0.047321388,4,2004,3.72,6.71,3.36,1.31,1.89,0.95,0.2,0.37,0.19,0.06,0.09,0.05,0.571708832,0.827369273,0.527629901,0.120573931,0.278753601,-0.017728767,-0.677780705,-0.420216403,-0.698970004,-1.15490196,-1,-1.22184875,8.66,16.98,8.49,0.34,0.34,0.17,na,na
237,2,na,na,na,na,na,na,na,na,na,na,na,na,na,69,36,57,0,0,Z,0,0,M,6,na,97,0.995105311,-0.098820139,4,2004,2,3.56,1.78,0.69,0.94,0.47,0.12,0.21,0.11,0.04,0.05,0.03,0.303196057,0.552668216,0.252853031,-0.15490196,-0.022276395,-0.318758763,-0.886056648,-0.657577319,-0.920818754,-1.301029996,-1.22184875,-1.397940009,7.93,15.32,7.66,0.53,0.52,0.26,na,na
276,4,na,na,na,na,na,na,na,na,na,na,na,na,na,40,13,28,0,0,Z,0,0,M,6,na,350,-0.255353295,0.966847814,12,2004,1.68,6.51,1.63,0.26,0.57,0.14,0.23,0.9,0.23,0.03,0.08,0.02,0.227886705,0.814247596,0.214843848,-0.568636236,-0.236572006,-0.823908741,-0.619788758,-0.040958608,-0.619788758,-1.397940009,-1.045757491,-1.522878745,7.98,31.14,7.78,0.44,0.85,0.21,na,na
277,2,na,na,na,na,na,na,na,na,na,na,na,na,na,30,7,17,0.38,4.9,2,P,S,M,3,3.33,355,-0.171293144,0.985220107,12,2004,1.39,2.76,1.38,0.17,0.32,0.16,0.2,0.4,0.2,0.02,0.04,0.02,0.146128036,0.442479769,0.1430148,-0.744727495,-0.48148606,-0.769551079,-0.677780705,-0.387216143,-0.677780705,-1.522878745,-1.301029996,-1.522878745,6.8,13.48,6.74,0.3,0.48,0.24,0.07,0.07
278,2,na,na,na,na,na,na,na,na,na,na,na,na,na,35,3,22,0,0,3,0,0,M,5,na,362,-0.051619667,0.998666816,12,2004,1.26,2.49,1.25,0.04,0.05,0.03,0.2,0.39,0.2,0.01,0.01,0.01,0.103803721,0.397940009,0.100370545,-1.301029996,-1.22184875,-1.397940009,-0.677780705,-0.397940009,-0.677780705,-1.698970004,-1.698970004,-1.698970004,6.44,12.69,6.35,0.26,0.25,0.13,na,na
280,5,na,na,na,na,na,na,na,na,na,na,na,na,na,35,-10,16.8,0.05,0.1,1,P,S,M,3,10,10,0.171293144,0.985220107,1,2005,1.12,5,1,0.15,0.28,0.06,0.21,0.94,0.19,0.03,0.06,0.01,0.053078443,0.699837726,0.004321374,-0.795880017,-0.537602002,-1.15490196,-0.657577319,-0.022276395,-0.698970004,-1.397940009,-1.15490196,-1.698970004,6.24,27.93,5.59,1.64,2.09,0.42,0.1,0.1
281,2,na,na,na,na,na,na,na,na,na,na,na,na,na,38,na,19,0.01,0.2,0.1,P,S,M,3,na,18,0.304921225,0.952377576,1,2005,0.98,1.88,0.94,0.17,0.2,0.1,0.2,0.38,0.19,0.03,0.04,0.02,-0.004364805,0.276461804,-0.022276395,-0.744727495,-0.677780705,-0.958607315,-0.677780705,-0.408935393,-0.698970004,-1.397940009,-1.301029996,-1.522878745,5.69,10.89,5.44,0.49,0.49,0.24,na,na
282,2,na,na,na,na,na,na,na,na,na,na,na,na,na,25,12,21,0.76,8.5,3.2,P,S,M,3,na,21,0.353676122,0.935367949,1,2005,0.98,1.94,0.97,0.15,0.16,0.08,0.2,0.4,0.2,0.03,0.04,0.02,-0.004364805,0.290034611,-0.008773924,-0.795880017,-0.769551079,-1.045757491,-0.677780705,-0.387216143,-0.677780705,-1.397940009,-1.301029996,-1.522878745,5.68,11.26,5.63,0.88,1.66,0.83,na,na
284,2,na,na,na,na,na,na,na,na,na,na,na,na,na,35,22,28,0,0,1,0,0,M,5,11.67,29,0.47873384,0.877960085,1,2005,1.01,2,1,0.12,0.22,0.11,0.21,0.41,0.21,0.03,0.05,0.03,0.008600172,0.303196057,0.004321374,-0.886056648,-0.638272164,-0.920818754,-0.657577319,-0.37675071,-0.657577319,-1.397940009,-1.22184875,-1.397940009,5.88,11.63,5.81,1.25,1.25,0.62,0.12,0.12
285,1,na,na,na,na,na,na,na,na,na,na,na,na,na,42,33,38,0,0,1,0,0,M,5,14,33,0.538005172,0.842941537,2,2005,1.08,1.08,1.08,0.06,0.06,0.06,0.22,0.22,0.22,0.01,0.01,0.01,0.037426498,0.037426498,0.037426498,-1.15490196,-1.15490196,-1.15490196,-0.638272164,-0.638272164,-0.638272164,-1.698970004,-1.698970004,-1.698970004,6.29,6.29,6.29,0,0.09,0.04,0.14,0.14
286,4,na,na,na,na,na,na,na,na,na,na,na,na,na,54,19,36,0.34,0.1,3.1,P,S,M,3,14,35,0.566701756,0.823923006,2,2005,1040,1622.6,405.65,1034.06,1608.38,402.1,279,517.1,129.28,278.59,515.8,128.95,3.017037515,3.210214148,2.608162186,3.014549939,3.206391364,2.604344874,2.445619769,2.713582936,2.111564935,2.444981112,2.712489758,2.110455024,88.67,148.53,37.13,78.09,110.5,27.62,0.43,0.43
287,2,na,na,na,na,na,na,na,na,na,na,na,na,na,29,18,23,0.07,0.1,1,P,S,M,3,8.33,40,0.635432301,0.772156584,2,2005,3.63,6.73,3.37,0.69,0.85,0.43,0.35,0.67,0.34,0.03,0.03,0.02,0.561101384,0.828659897,0.5289167,-0.15490196,-0.065501549,-0.356547324,-0.443697499,-0.167491087,-0.455931956,-1.397940009,-1.397940009,-1.522878745,7.12,14.08,7.04,0.16,0.16,0.08,0.08,0.08
289,4,na,na,na,na,na,na,na,na,na,na,na,na,na,34,10,26,0.48,4.8,1,P,S,M,3,12.22,50,0.758305808,0.651898996,2,2005,2.07,7.87,1.97,0.19,0.43,0.11,0.25,0.94,0.24,0.02,0.04,0.01,0.318063335,0.896526217,0.29666519,-0.698970004,-0.356547324,-0.920818754,-0.585026652,-0.022276395,-0.602059991,-1.522878745,-1.301029996,-1.698970004,6.86,26.28,6.57,0.5,1.14,0.29,0.12,0.12
290,3,na,na,na,na,na,na,na,na,na,na,na,na,na,36,13,26,0,0,1,0,0,M,5,12.4,54,0.801361088,0.598180914,2,2005,1.84,5.43,1.81,0.04,0.05,0.02,0.22,0.65,0.22,0.01,0.01,0,0.267171728,0.7355989,0.260071388,-1.301029996,-1.22184875,-1.522878745,-0.638272164,-0.180456064,-0.638272164,-1.698970004,-1.698970004,-2,6.32,18.64,6.21,0.21,0.31,0.1,0.12,0.12
291,2,na,na,na,na,na,na,na,na,na,na,na,na,na,34,22,29,0.1,1,U,P,S,M,3,13.33,58,0.840618406,0.541627821,2,2005,1.77,3.51,1.76,0.09,0.15,0.08,0.21,0.42,0.21,0.01,0.02,0.01,0.250420002,0.546542663,0.247973266,-1,-0.795880017,-1.045757491,-0.657577319,-0.366531544,-0.657577319,-1.698970004,-1.522878745,-1.698970004,6.08,12.09,6.05,0.07,0.07,0.04,na,na
292,7,na,na,na,na,na,na,na,na,na,na,na,na,na,64,5,33,0,0,4,0,0,M,5,15,62,0.875891705,0.482507742,3,2005,1010,1151.3,164.47,994,1087.5,155.36,418,428.55,61.22,416.25,422.16,60.31,3.004325674,3.061192277,2.216113097,2.997390754,3.036433259,2.191367166,2.621186671,2.632011633,1.786964259,2.61936468,2.625487368,1.780461333,68.9,122.07,17.44,61.74,76.99,6.42,0.6,0.6
294,4,na,na,na,na,na,na,na,na,na,na,na,na,na,40,18,29,0,0,Z,0,0,M,6,na,73,0.951056516,0.309016994,3,2005,2.08,7.69,1.92,0.25,0.47,0.12,0.24,0.91,0.23,0.03,0.05,0.01,0.320146286,0.886490725,0.285557309,-0.585026652,-0.318758763,-0.886056648,-0.602059991,-0.036212173,-0.619788758,-1.397940009,-1.22184875,-1.698970004,6.67,24.11,6.03,1.37,2.71,0.68,na,na
295,4,na,na,na,na,na,na,na,na,na,na,na,na,na,42,14,29,1.6,15,8.5,P,S,M,3,6,77,0.970063922,0.242849722,3,2005,1.88,6.68,1.67,0.36,0.46,0.12,0.2,0.71,0.18,0.03,0.05,0.01,0.276461804,0.825426118,0.225309282,-0.431798276,-0.327902142,-0.886056648,-0.677780705,-0.142667504,-0.721246399,-1.397940009,-1.22184875,-1.698970004,6.82,24.85,6.21,0.48,0.53,0.13,0.51,0.51
296,8,na,na,na,na,na,na,na,na,na,na,na,na,na,71,18,41,0,0,7,0,0,M,5,na,81,0.984473817,0.17553149,3,2005,872,1900.49,237.56,778.5,1590,198.75,321,692.81,86.6,292.8,601.61,75.2,2.940521465,3.278867874,2.375791598,2.891264195,3.201399856,2.298328988,2.506518562,2.840620416,1.937568039,2.466585905,2.779322265,1.876275589,71.9,249.56,31.2,44.97,116.88,10.63,na,na
298,8,na,na,na,na,na,na,na,na,na,na,na,na,na,77,31,54,0.19,0,U,P,0,M,3,na,91,0.99999074,0.004303538,4,2005,6.27,37.95,4.74,1.52,2.54,0.32,2.54,11.92,1.49,0.92,1.73,0.22,0.797959644,1.579326204,0.67669361,0.184691431,0.40654018,-0.48148606,0.40654018,1.076640444,0.176091259,-0.031517051,0.240549248,-0.638272164,14.2,101.41,12.68,1.19,8.59,0.78,na,na
331,3,na,na,na,na,na,na,na,na,na,na,na,na,na,41,13,23,0.16,2,2,P,S,M,3,na,328,-0.594726687,0.803927962,11,2005,2.73,7.83,2.61,0.19,0.21,0.07,0.05,0.13,0.04,0.01,0.01,0,0.437750563,0.894316063,0.418301291,-0.698970004,-0.657577319,-1.096910013,-1.22184875,-0.853871964,-1.301029996,-1.698970004,-1.698970004,-2,6.62,19.59,6.53,0.2,0.2,0.07,na,na
333,4,na,na,na,na,na,na,na,na,na,na,na,na,na,23,-2,14,0.16,3,2,P,S,M,3,na,336,-0.47873384,0.877960085,12,2005,2.12,7.74,1.94,0.26,0.34,0.09,0.08,0.29,0.07,0.01,0.01,0,0.328379603,0.889301703,0.290034611,-0.568636236,-0.455931956,-1,-1.045757491,-0.522878745,-1.096910013,-1.698970004,-1.698970004,-2,6.66,25.42,6.35,0.52,1.35,0.34,na,na
334,3,na,na,na,na,na,na,na,na,na,na,na,na,na,34,0,15,0.05,0.9,1.8,P,S,M,3,na,342,-0.385663406,0.922639549,12,2005,1.5,4.36,1.45,0.11,0.16,0.05,0.1,0.29,0.1,0.01,0.01,0,0.178976947,0.640481437,0.164352856,-0.920818754,-0.769551079,-1.22184875,-0.958607315,-0.522878745,-0.958607315,-1.698970004,-1.698970004,-2,5.75,17.14,5.71,0.06,0.07,0.02,na,na
335,4,na,na,na,na,na,na,na,na,na,na,na,na,na,33,4,21,0.35,4.8,1,P,S,M,3,na,348,-0.288482433,0.957485188,12,2005,1.19,4.43,1.11,0.13,0.18,0.05,0.14,0.53,0.13,0.01,0.03,0.01,0.079181246,0.64738297,0.049218023,-0.853871964,-0.721246399,-1.22184875,-0.823908741,-0.26760624,-0.853871964,-1.698970004,-1.397940009,-1.698970004,5.49,21.43,5.36,0.4,0.82,0.2,na,na
337,3,na,na,na,na,na,na,na,na,na,na,na,na,na,35,31,33,0,0,2,0,0,M,5,27.78,360,-0.085964799,0.996298175,12,2005,0.83,2.48,0.83,0.03,0.05,0.02,0.16,0.47,0.16,0.01,0.01,0,-0.075720714,0.396199347,-0.075720714,-1.397940009,-1.22184875,-1.522878745,-0.769551079,-0.318758763,-0.769551079,-1.698970004,-1.698970004,-2,5.14,15.3,5.1,0.06,0.06,0.02,0.56,0.56
338,5,na,na,na,na,na,na,na,na,na,na,na,na,na,39,26,33,0.06,0,U,P,0,M,3,na,2,0.034421612,0.999407401,1,2006,0.92,4.42,0.88,0.07,0.19,0.04,0.16,0.75,0.15,0.01,0.02,0,-0.031517051,0.646403726,-0.050609993,-1.096910013,-0.698970004,-1.301029996,-0.769551079,-0.119186408,-0.795880017,-1.698970004,-1.522878745,-2,6.19,29.69,5.94,0.33,0.66,0.13,na,na
339,9,na,na,na,na,na,na,na,na,na,na,na,na,na,45,16,32,0,0,Z,0,0,M,6,na,8,0.137278772,0.990532452,1,2006,0.82,6.7,0.74,0.07,0.22,0.02,0.13,1.01,0.11,0.01,0.02,0,-0.080921908,0.82672252,-0.124938737,-1.096910013,-0.638272164,-1.522878745,-0.853871964,0.008600172,-0.920818754,-1.698970004,-1.522878745,-2,5.76,48.82,5.42,0.32,0.89,0.1,na,na
340,2,na,na,na,na,na,na,na,na,na,na,na,na,na,33,15,24,0.02,0.1,0.1,P,S,M,3,na,17,0.288482433,0.957485188,1,2006,0.71,1.4,0.7,0.02,0.02,0.01,0.1,0.2,0.1,0.01,0.02,0.01,-0.142667504,0.149219113,-0.148741651,-1.522878745,-1.522878745,-1.698970004,-0.958607315,-0.677780705,-0.958607315,-1.698970004,-1.522878745,-1.698970004,5.5,10.85,5.42,0.15,0.15,0.07,na,na
341,9,na,na,na,na,na,na,na,na,na,na,na,na,na,52,9,32,0,0,Z,0,0,M,6,na,19,0.321269662,0.946987753,1,2006,0.69,5.77,0.64,0.04,0.08,0.01,0.09,0.76,0.08,0,0,0,-0.15490196,0.761927838,-0.187086643,-1.301029996,-1.045757491,-1.698970004,-1,-0.113509275,-1.045757491,-2,-2,-2,5.42,47.36,5.26,0.25,1.04,0.12,na,na
343,5,na,na,na,na,na,na,na,na,na,na,na,na,na,52,13,29,0.1,2,1,P,S,M,3,na,32,0.523415607,0.852077521,2,2006,0.67,3.18,0.64,0.03,0.07,0.01,0.08,0.36,0.07,0.01,0.03,0.01,-0.167491087,0.503790683,-0.187086643,-1.397940009,-1.096910013,-1.698970004,-1.045757491,-0.431798276,-1.096910013,-1.698970004,-1.397940009,-1.698970004,6.06,29.45,5.89,0.44,0.63,0.13,na,na
344,4,na,na,na,na,na,na,na,na,na,na,na,na,na,32,11,24,0.07,1,2,P,S,M,3,na,40,0.635432301,0.772156584,2,2006,0.7,2.56,0.64,0.08,0.14,0.04,0.06,0.24,0.06,0,0,0,-0.148741651,0.409933123,-0.187086643,-1.045757491,-0.823908741,-1.301029996,-1.15490196,-0.602059991,-1.15490196,-2,-2,-2,5.34,21.21,5.3,0.14,0.21,0.05,na,na
345,2,na,na,na,na,na,na,na,na,na,na,na,na,na,39,18,29,0,0,0.7,0,0,M,5,na,45,0.699458327,0.714673386,2,2006,0.82,1.61,0.81,0.1,0.17,0.09,0.06,0.12,0.06,0,0,0,-0.080921908,0.209515015,-0.086186148,-0.958607315,-0.744727495,-1,-1.15490196,-0.886056648,-1.15490196,-2,-2,-2,5.24,10.36,5.18,0.23,0.36,0.18,na,na
346,3,na,na,na,na,na,na,na,na,na,na,na,na,na,22,-18,6,0.46,5.7,1,P,S,M,3,na,47,0.723644038,0.690173388,2,2006,0.93,2.68,0.89,0.07,0.1,0.03,0.06,0.18,0.06,0,0,0,-0.026872146,0.42975228,-0.045757491,-1.096910013,-0.958607315,-1.397940009,-1.15490196,-0.721246399,-1.15490196,-2,-2,-2,5.02,14.72,4.91,0.12,0.12,0.04,na,na
347,2,na,na,na,na,na,na,na,na,na,na,na,na,na,31,9,20,0,0,1,0,0,M,5,na,51,0.769414827,0.638749422,2,2006,1.18,2.26,1.13,0.19,0.28,0.14,0.07,0.14,0.07,0.01,0.02,0.01,0.075546961,0.356025857,0.056904851,-0.698970004,-0.537602002,-0.823908741,-1.096910013,-0.823908741,-1.096910013,-1.698970004,-1.522878745,-1.698970004,5,9.9,4.95,0.1,0.1,0.05,na,na
348,8,na,na,na,na,na,na,na,na,na,na,na,na,na,45,5,30,0,0,2,0,0,M,5,na,54,0.801361088,0.598180914,2,2006,2.25,13.81,1.73,0.37,0.97,0.12,0.09,0.64,0.08,0.01,0.02,0,0.354108439,1.140508043,0.240549248,-0.420216403,-0.008773924,-0.886056648,-1,-0.187086643,-1.045757491,-1.698970004,-1.522878745,-2,5.4,40.87,5.11,0.2,1.05,0.1,na,na
349,2,na,na,na,na,na,na,na,na,na,na,na,na,na,42,17,32,0.44,4,N,P,S,M,3,na,63,0.88406751,0.467359217,3,2006,2.77,5.33,2.67,0.41,0.61,0.31,0.13,0.23,0.12,0.04,0.05,0.03,0.444044796,0.727541257,0.428134794,-0.37675071,-0.207608311,-0.494850022,-0.853871964,-0.619788758,-0.886056648,-1.301029996,-1.22184875,-1.397940009,5.5,10.9,5.45,0.09,0.17,0.09,na,na
352,3,na,na,na,na,na,na,na,na,na,na,na,na,na,39,14,27,0.44,4.7,2.7,P,S,M,3,na,74,0.956234827,0.292600336,3,2006,1.99,5.78,1.93,0.1,0.11,0.04,0.2,0.59,0.2,0.01,0.02,0.01,0.301029996,0.762678564,0.28780173,-0.958607315,-0.920818754,-1.301029996,-0.677780705,-0.22184875,-0.677780705,-1.698970004,-1.522878745,-1.698970004,7.17,20.84,6.95,0.23,0.39,0.13,na,na
353,2,na,na,na,na,na,na,na,na,na,na,na,na,na,43,15,32,0,0,4,0,0,M,5,na,78,0.974100455,0.226115686,3,2006,1.96,3.88,1.94,0.06,0.08,0.04,0.22,0.43,0.22,0.01,0.01,0.01,0.294466226,0.589949601,0.290034611,-1.15490196,-1.045757491,-1.301029996,-0.638272164,-0.356547324,-0.638272164,-1.698970004,-1.698970004,-1.698970004,6.45,12.88,6.44,0.04,0.04,0.02,na,na
354,7,na,na,na,na,na,na,na,na,na,na,na,na,na,56,23,38,0.03,0,U,P,0,M,3,na,81,0.984473817,0.17553149,3,2006,14.8,41.02,5.86,8.4,11.4,1.63,2.52,5.97,0.85,1.72,2.21,0.32,1.170555059,1.613101517,0.768638101,0.924795996,1.057285644,0.214843848,0.403120521,0.776701184,-0.065501549,0.238046103,0.346352974,-0.48148606,10.56,59.86,8.55,2,6.12,0.51,na,na
383,2,na,na,na,na,na,na,na,na,na,na,na,na,na,46,29,35,0.36,3.2,3,P,S,M,3,na,314,-0.769414827,0.638749422,11,2006,1,1.98,0.99,0.08,0.14,0.07,0.11,0.21,0.11,0.02,0.03,0.02,0.004321374,0.298853076,0,-1.045757491,-0.823908741,-1.096910013,-0.920818754,-0.657577319,-0.920818754,-1.522878745,-1.397940009,-1.522878745,5.07,10.02,5.01,0.39,0.66,0.33,na,na
389,2,na,na,na,na,na,na,na,na,na,na,na,na,na,23,13,18,0.3,4,1.5,P,S,M,3,na,14,0.238672766,0.971100052,1,2007,1.55,3.06,1.53,0.09,0.14,0.07,0.13,0.26,0.13,0.01,0.02,0.01,0.193124598,0.487138375,0.187520721,-1,-0.823908741,-1.096910013,-0.853871964,-0.568636236,-0.853871964,-1.698970004,-1.522878745,-1.698970004,5.18,10.18,5.09,0.38,0.58,0.29,na,na
390,3,na,na,na,na,na,na,na,na,na,na,na,na,na,27,13,21,0.23,3.6,1,P,S,M,3,na,21,0.353676122,0.935367949,1,2007,1.57,4.64,1.55,0.11,0.2,0.07,0.14,0.41,0.14,0.01,0.01,0,0.198657087,0.667452953,0.193124598,-0.920818754,-0.677780705,-1.096910013,-0.823908741,-0.37675071,-0.823908741,-1.698970004,-1.698970004,-2,4.99,14.72,4.91,0.29,0.56,0.19,na,na
392,3,na,na,na,na,na,na,na,na,na,na,na,na,na,20,-7,7,0.01,0.4,1,P,S,M,3,na,31,0.508670944,0.860961016,1,2007,1.58,4.58,1.53,0.11,0.17,0.06,0.15,0.44,0.15,0.01,0.02,0.01,0.201397124,0.661812686,0.187520721,-0.920818754,-0.744727495,-1.15490196,-0.795880017,-0.346787486,-0.795880017,-1.698970004,-1.522878745,-1.698970004,4.72,13.61,4.54,0.3,0.59,0.2,na,na
393,2,na,na,na,na,na,na,na,na,na,na,na,na,na,10,-12,-2,0.12,1.4,U,P,S,M,3,na,37,0.594726687,0.803927962,2,2007,1.14,2.19,1.1,0.15,0.17,0.08,0.11,0.21,0.11,0.01,0.01,0.01,0.06069784,0.342422681,0.045322979,-0.795880017,-0.744727495,-1.045757491,-0.920818754,-0.657577319,-0.920818754,-1.698970004,-1.698970004,-1.698970004,3.26,6.27,3.14,0.41,0.5,0.25,na,na
395,3,na,na,na,na,na,na,na,na,na,na,na,na,na,31,22,27,2.72,26.8,12.9,P,S,M,3,na,55,0.811539059,0.584298174,2,2007,2.7,7.75,2.58,0.39,0.83,0.28,0.26,0.73,0.24,0.01,0.01,0,0.432969291,0.889861721,0.413299764,-0.397940009,-0.075720714,-0.537602002,-0.568636236,-0.13076828,-0.602059991,-1.698970004,-1.698970004,-2,5.03,14.45,4.82,0.73,1.55,0.52,na,na
396,5,na,na,na,na,na,na,na,na,na,na,na,na,na,34,3,24,0.86,7.4,4.8,P,S,M,3,na,60,0.858763958,0.512371412,3,2007,2.43,11.45,2.29,0.12,0.29,0.06,0.33,1.53,0.31,0.04,0.11,0.02,0.387389826,1.059184618,0.361727836,-0.886056648,-0.522878745,-1.15490196,-0.468521083,0.187520721,-0.494850022,-1.301029996,-0.920818754,-1.522878745,4.51,21.23,4.25,0.22,0.53,0.11,na,na
397,2,na,na,na,na,na,na,na,na,na,na,na,na,na,38,12,25,0,0,3,0,0,M,5,na,66,0.907013813,0.421100871,3,2007,2.24,4.45,2.23,0.08,0.13,0.06,0.4,0.77,0.39,0.05,0.07,0.04,0.352182518,0.649334859,0.350248018,-1.045757491,-0.853871964,-1.15490196,-0.387216143,-0.107905397,-0.397940009,-1.22184875,-1.096910013,-1.301029996,4.13,8.21,4.11,0.13,0.21,0.11,na,na
399,3,na,na,na,na,na,na,na,na,na,na,na,na,na,51,24,38,0,0,3,0,0,M,5,na,73,0.951056516,0.309016994,3,2007,116,174.7,58.23,10.1,11.3,3.77,20.1,32.7,10.9,2.4,2.4,0.8,2.064495427,2.242317764,1.765221366,1.004751156,1.053462605,0.5774918,1.303412071,1.514680544,1.037824751,0.382017043,0.382017043,-0.091514981,23.74,48.22,16.07,2.5,2.5,0.83,na,na
400,2,na,na,na,na,na,na,na,na,na,na,na,na,na,48,19,33,0,0,Z,0,0,M,6,na,77,0.970063922,0.242849722,3,2007,44.9,66.5,33.25,24.7,26.1,13.05,12.2,17.3,8.65,7.1,7.1,3.55,1.652343055,1.822886948,1.521922245,1.392872745,1.416806872,1.115943177,1.086715664,1.238297068,0.937517892,0.851869601,0.851869601,0.551449998,15.51,26.25,13.13,4.77,4.77,2.39,na,na
