storm_num,num_days,startdatetime,enddatetime,num_events,theisen,p5max,p10max,p15max,p30max,p60max,ei,duration,intense,ap_1day,ap_2day,ap_3day,tmax,tmin,tmean,nws_prec,nws_snow,melt_snow,p,s,m,event_type,sweq,start_day,end_day,month,year,ptot_max,ptot_tot,ptot_avg,pstorm_max,pstorm_tot,pstorm_avg,stot_max,stot_tot,stot_avg,sstorm_max,sstorm_tot,sstorm_avg,qtot_max,qtot_tot,qtot_avg,qstorm_max,qstorm_tot,qstorm_avg,melt_water,total_water
1,5,10/2/1990 23:45,10/3/1990 13:55,1,0.835,1.44,1.092,0.96,0.674,0.389,4.041,14.167,0.059,NA,0.046,0.068,82,43,62,0.82,0,0,P,0,0,1,,10/2/1990,10/6/1990,10,1990,8.8,16.78,3.36,7.16,7.96,1.59,3.8,5.42,1.08,3.67,4.75,0.95,11,38.3,7.66,5.1,6.4,1.28,0,0.84
2,3,10/17/1990 15:20,10/18/1990 8:45,1,0.331,0.12,0.096,0.096,0.088,0.076,0.146,17.417,0.019,NA,0.78,0.866,69,28,44,0.52,0,0,P,0,0,1,,10/17/1990,10/19/1990,10,1990,2.13,5.85,1.95,0.33,0.45,0.15,0.8,1.03,0.34,0.69,0.7,0.23,7.1,19.5,6.5,1.2,1.3,0.43,0,0.33
3,5,10/20/1990 16:30,10/21/1990 7:20,1,0.294,0.168,0.144,0.144,0.108,0.079,0.164,14.833,0.02,NA,0,0,64,30,47,0.39,0,0,P,0,0,1,,10/20/1990,10/24/1990,10,1990,2.08,9.31,1.86,0.23,0.46,0.09,0.84,1.28,0.26,0.73,0.75,0.15,7.2,32.9,6.58,0.8,1.8,0.36,0,0.29
4,6,,,,,,,,,,,,,,,,48,13,29,0.51,14,N,P,S,M,3,14.66%,12/3/1990,12/8/1990,12,1990,1.17,6.36,1.06,0.2,0.43,0.07,0.17,0.9,0.15,0.03,0.05,0.01,5.4,29.4,4.9,1.3,2.4,0.4,NA,NA
5,5,,,,,,,,,,,,,,,,40,11,27,0.55,4,N,P,S,M,3,19.87%,12/11/1990,12/15/1990,12,1990,1.12,5.46,1.09,0.09,0.18,0.04,0.17,0.82,0.16,0.01,0.02,0,5.2,25.3,5.06,0.3,0.6,0.12,NA,NA
6,4,,,,,,,,,,,,,,,,33,20,29,0.83,4,N,P,S,M,3,16.96%,12/16/1990,12/19/1990,12,1990,1.16,4.58,1.14,0.04,0.09,0.02,0.18,0.71,0.18,0.01,0.02,0,5.3,21.1,5.28,0.2,0.5,0.13,NA,NA
7,2,,,,,,,,,,,,,,,,8,-15,-1,0.06,1,N,P,S,M,3,20.12%,12/21/1990,12/22/1990,12,1990,1.12,2.2,1.1,0.11,0.13,0.07,0.18,0.35,0.18,0.02,0.02,0.01,5.2,10.2,5.1,0.7,1.2,0.6,NA,NA
8,5,,,,,,,,,,,,,,,,27,-7,9,0.06,1,U,P,S,M,3,22.87%,12/29/1990,1/2/1991,12,1990,1.04,5,1,0.09,0.27,0.05,0.18,0.87,0.17,0.02,0.05,0.01,4.9,23.6,4.72,0.5,1,0.2,NA,NA
9,4,,,,,,,,,,,,,,,,19,-10,6,0.29,2,U,P,S,M,3,22.29%,1/4/1991,1/7/1991,1,1991,0.9,3.45,0.86,0.05,0.1,0.03,0.15,0.59,0.15,0.01,0.02,0.01,4.9,19,4.75,0.2,0.4,0.1,NA,NA
10,3,,,,,,,,,,,,,,,,42,-5,22,0,0,2,0,0,M,5,26.69%,1/19/1991,1/21/1991,1,1991,0.91,2.65,0.88,0.08,0.19,0.06,0.15,0.44,0.15,0.02,0.03,0.01,5.2,15.1,5.03,0.7,1.3,0.43,0.53,0.53
11,2,,,,,,,,,,,,,,,,29,-8,10,0.03,0,N,P,0,M,3,23.81%,1/23/1991,1/24/1991,1,1991,0.89,1.7,0.85,0.09,0.16,0.08,0.15,0.28,0.14,0.02,0.03,0.02,5,9.5,4.75,0.9,1.3,0.65,NA,NA
12,4,,,,,,,,,,,,,,,,31,-1,15,0,0,N,0,0,M,7,24.65%,1/26/1991,1/29/1991,1,1991,0.9,3.31,0.83,0.08,0.1,0.03,0.15,0.55,0.14,0.02,0.04,0.01,4.9,18,4.5,0.7,1.1,0.28,NA,NA
13,15,,,,,,,,,,,,,,,,50,-6,29,0,0,8,0,0,M,5,27.44%,2/1/1991,2/15/1991,2,1991,1.15,15.58,1.04,0.2,0.65,0.04,0.19,2.55,0.17,0.03,0.12,0.01,5.7,78.3,5.22,0.9,2.7,0.18,2.2,2.2
14,5,,,,,,,,,,,,,,,,47,9,26,0.05,0,1,P,0,M,5,32.94%,2/20/1991,2/24/1991,2,1991,1.3,5.87,1.17,0.2,0.53,0.11,0.21,0.94,0.19,0.03,0.08,0.02,5.9,26.7,5.34,0.9,2.1,0.42,0.33,0.33
15,5,3/1/1991 0:55,3/2/1991 3:15,2,0.87,6.576,0.084,0.08,0.062,0.054,-8.91,26.333,0.033,NA,0,0,40,13,27,0.47,0,4,P,0,M,2,17.95%,2/28/1991,3/4/1991,2,1991,1.77,6.56,1.31,0.52,0.54,0.11,0.97,1.81,0.36,0.78,0.88,0.18,7.5,27.6,5.52,2.9,3.8,0.76,0.72,1.59
16,3,,,,,,,,,,,,,,,,53,10,33,0.1,0,U,P,0,M,3,10.00%,3/5/1991,3/7/1991,3,1991,2.25,5.3,1.77,1.03,1.39,0.46,0.58,0.99,0.33,0.38,0.38,0.13,9.2,21.6,7.2,3.4,5,1.67,NA,NA
17,2,3/8/1991 17:45,3/9/1991 1:00,1,0.362,3.96,1.98,1.32,0.66,0.33,2.433,7.25,0.05,NA,0,0.056,44,23,34,0,0,0,P,0,0,1,10.00%,3/8/1991,3/9/1991,3,1991,1.46,2.93,1.46,0,0,0,0.21,0.42,0.21,0,0,0,5.8,11.6,5.8,0,0,0,0,0.36
18,3,,,,,,,,,,,,,,,,47,24,38,0.03,0,Z,P,0,M,6,,3/10/1991,3/12/1991,3,1991,2.1,5.43,1.81,0.59,0.91,0.3,1.3,1.77,0.59,1.09,1.13,0.38,8.1,21,7,2.3,3.4,1.13,NA,NA
19,5,,,,,,,,,,,,,,,,49,26,38,0.04,0,U,P,0,M,3,,3/14/1991,3/18/1991,3,1991,1.94,8.91,1.78,0.21,0.56,0.11,0.26,1.2,0.24,0.03,0.07,0.01,7,32.9,6.58,0.4,0.7,0.14,NA,NA
20,6,3/20/1991 19:25,3/23/1991 14:35,2,1.361,0.432,0.396,0.36,0.312,0.301,2.385,67.167,0.02,NA,0.015,0.581,61,29,44,1.5,NA,0,P,0,0,1,,3/20/1991,3/25/1991,3,1991,51.4,74.33,12.39,48.19,57.95,9.66,22,30.45,5.08,21.59,28.35,4.73,18,67.9,11.32,8.5,14.2,2.37,0,1.36
21,3,3/27/1991 4:10,3/27/1991 17:40,1,0.515,0.48,0.468,0.408,0.332,0.216,1.037,13.5,0.038,NA,0.37,0.79,61,23,36,0.4,0,0,P,0,0,1,,3/27/1991,3/29/1991,3,1991,12,17.71,5.9,9.29,10.01,3.34,5.2,5.99,2,4.9,5.05,1.68,12,30.8,10.27,2.9,3.5,1.17,0,0.52
22,3,4/8/1991 7:00,4/8/1991 21:25,1,0.979,0.828,0.78,0.716,0.632,0.486,4.595,14.417,0.068,NA,0,0.06,70,29,46,NA,NA,0,P,0,0,1,,4/8/1991,4/10/1991,4,1991,6,14.31,4.77,2.32,4.65,1.55,5.2,6.45,2.15,4.9,4.91,1.64,12,30.8,10.27,3.1,4.1,1.37,0,0.98
23,5,4/12/1991 6:05,4/14/1991 10:00,1,0.877,0.264,0.222,0.212,0.204,0.163,0.946,51.917,0.017,NA,0.008,0.786,56,33,43,1.23,0,0,P,0,0,1,,4/12/1991,4/16/1991,4,1991,16,37.65,7.53,11.31,12.53,2.51,6.9,11.41,2.28,6.04,6.25,1.25,13,54.9,10.98,3.1,8.8,1.76,0,0.88
24,3,4/18/1991 13:50,4/19/1991 7:05,1,0.592,0.144,0.126,0.104,0.1,0.09,0.296,17.25,0.034,NA,0.16,0.815,55,38,48,NA,0,0,P,0,0,1,,4/18/1991,4/20/1991,4,1991,24.91,41.22,13.74,17.56,19.17,6.39,8.92,15.86,5.29,5.8,6.49,2.16,13,33.2,11.07,3.8,5.6,1.87,0,0.59
25,3,4/22/1991 15:30,4/23/1991 9:05,1,0.394,0.54,0.528,0.416,0.278,0.183,0.701,17.583,0.022,NA,0,0.639,68,38,51,0.2,0,0,P,0,0,1,,4/22/1991,4/24/1991,4,1991,11.45,24.47,8.16,4.81,6.56,2.19,5.25,10.04,3.35,3.17,4.14,1.38,11,29.7,9.9,3.9,6.3,2.1,0,0.39
26,2,4/26/1991 14:45,4/27/1991 5:25,2,0.848,0.636,0.54,0.508,0.458,0.36,2.247,14.667,0.058,NA,0.01,0.016,71,50,61,1.04,0,0,P,0,0,1,,4/26/1991,4/27/1991,4,1991,26.8,35.98,17.99,17.57,22.11,11.06,11.5,14.56,7.28,8.34,9.66,4.83,15,22.8,11.4,7.2,7.2,3.6,0,0.85
27,3,4/29/1991 1:20,4/29/1991 19:50,1,2.008,1.392,1.344,1.144,1.068,0.829,16.675,18.5,0.109,NA,0,0.01,75,40,53,2.92,0,0,P,0,0,1,,4/29/1991,5/1/1991,4,1991,3818.38,3929.91,1309.97,3809.15,3894.9,1298.3,2094.15,2155.34,718.45,2090.99,2141.14,713.71,62,98,32.67,47,53,17.67,0,2.01
28,2,5/5/1991 2:55,5/6/1991 15:20,1,1.236,0.264,0.252,0.252,0.236,0.231,1.755,36.417,0.034,NA,0,0,53,37,45,1.29,0,0,P,0,0,1,,5/5/1991,5/6/1991,5,1991,221.47,277.33,138.66,211.58,244.25,122.13,65.39,85.96,42.98,61.47,72.5,36.25,25,44,22,11,16,8,0,1.24
29,3,5/8/1991 1:40,5/8/1991 13:10,1,0.32,0.12,0.12,0.1,0.1,0.071,0.162,11.5,0.028,NA,0.482,0.482,78,40,58,0.35,0,0,P,0,0,1,,5/8/1991,5/10/1991,5,1991,27.2,51,17,4.01,8.17,2.72,12.77,22.71,7.57,3.22,5.87,1.96,15,41,13.67,3,5,1.67,0,0.32
30,1,5/13/1991 3:35,5/13/1991 5:50,1,0.259,0.696,0.678,0.524,0.286,0.155,0.523,2.25,0.115,NA,0.553,0.553,86,66,76,0,0,0,P,0,0,1,,5/13/1991,5/13/1991,5,1991,9.29,9.29,9.29,1,1,1,3.51,3.51,3.51,0.3,0.3,0.3,11,11,11,1,1,0.5,0,0.26
31,5,5/15/1991 19:25,5/18/1991 14:10,3,2.604,1.608,1.446,1.328,0.988,0.627,16.264,66.75,0.039,NA,0,0.173,85,38,62,1.95,0,0,P,0,0,1,,5/15/1991,5/19/1991,5,1991,4680.03,4815.76,963.15,4668.33,4754.72,950.94,3170.1,3246.99,649.4,3165.2,3205.95,641.19,76,144,28.8,66,73,14.6,0,2.6
32,2,5/25/1991 12:35,5/26/1991 6:00,1,0.327,0.216,0.174,0.136,0.11,0.084,0.192,17.417,0.019,NA,0,0.006,81,57,67,0.52,0,0,P,0,0,1,,5/25/1991,5/26/1991,5,1991,11.41,21.86,10.93,0.95,0.95,0.48,5.43,10.62,5.31,0.24,0.24,0.12,14,27,13.5,2,2,1,0,0.33
33,2,5/28/1991 2:20,5/29/1991 13:55,1,0.506,1.464,1.44,0.996,0.526,0.282,2.016,35.583,0.014,NA,0.477,1.631,89,67,79,0.19,0,0,P,0,0,1,,5/28/1991,5/29/1991,5,1991,46.41,56.35,28.18,36.71,36.95,18.48,57.15,64.35,32.18,53.3,56.65,28.33,18,30,15,6,6,3,0,0.51
34,5,5/30/1991 6:55,6/1/1991 17:15,3,1.136,1.56,1.26,1.156,0.734,0.401,4.592,58.333,0.019,NA,0,0.344,NA,67,NA,1.91,0,0,P,0,0,1,,5/30/1991,6/3/1991,5,1991,287.26,403.36,80.67,276.8,355.28,71.06,255.11,285.77,57.15,248.21,259.7,51.94,21,72,14.4,9,15,3,0,1.14
35,3,6/10/1991 3:15,6/10/1991 8:05,1,0.453,0.504,0.474,0.348,0.206,0.195,0.625,4.833,0.094,NA,0.102,0.114,NA,NA,NA,0.32,0,0,P,0,0,1,,6/10/1991,6/12/1991,6,1991,5.84,16.53,5.51,0.34,0.69,0.23,1.37,3.74,1.25,0.15,0.24,0.08,9,25.5,8.5,0.9,1.2,0.4,0,0.45
36,6,6/13/1991 19:00,6/15/1991 4:10,2,1.254,2.016,1.542,1.392,0.83,0.457,7.263,33.167,0.038,NA,0,0,NA,NA,NA,1.03,0,0,P,0,0,1,,6/13/1991,6/18/1991,6,1991,97.76,161.57,26.93,81.57,100.29,16.72,17.97,25.57,4.26,16.84,19.6,3.27,14,56.7,9.45,6,8.7,1.45,0,1.25
37,1,7/1/1991 1:55,7/1/1991 5:40,1,0.252,0.312,0.234,0.236,0.22,0.155,0.358,3.75,0.067,NA,0,0,88,68,78,0.26,0,0,P,0,0,1,,7/1/1991,7/1/1991,7,1991,3.53,3.53,3.53,0.22,0.22,0.22,0.61,0.61,0.61,0.03,0.03,0.03,7.3,7.3,7.3,0.5,0.5,0.25,0,0.25
38,4,7/11/1991 19:45,7/12/1991 11:25,1,0.875,0.48,0.396,0.336,0.314,0.304,1.899,15.667,0.056,NA,0.002,0.014,85,62,75,1.2,0,0,P,0,0,1,,7/11/1991,7/14/1991,7,1991,10.4,22.33,5.58,6.58,6.9,1.73,3.8,6.18,1.55,3.05,3.13,0.78,8.7,28.7,7.18,2.2,2.9,0.73,0,0.88
39,2,7/17/1991 4:40,7/17/1991 21:00,1,1.052,0.78,0.636,0.436,0.308,0.268,2.31,16.333,0.064,NA,0,0.697,91,68,78,1.38,0,0,P,0,0,1,,7/17/1991,7/18/1991,7,1991,9.4,17.6,8.8,4.67,8.14,4.07,3.2,4.31,2.16,2.2,2.31,1.16,8.4,16.5,8.25,2,3.7,1.85,0,1.05
40,5,7/20/1991 5:30,7/22/1991 7:35,2,2.298,1.104,0.9,0.904,0.754,0.591,10.1,50.083,0.046,NA,0,0.637,88,58,76,2.94,0,0,P,0,0,1,,7/20/1991,7/24/1991,7,1991,436.13,551.07,110.21,418.93,472.11,94.42,218.33,255.98,51.2,212.43,231.79,46.36,24,66.9,13.38,16.7,28.3,5.66,0,2.3
41,4,7/27/1991 12:35,7/28/1991 17:55,1,0.547,0.204,0.192,0.168,0.124,0.093,0.353,29.333,0.019,NA,0.377,0.381,79,50,65,0.56,0,0,P,0,0,1,,7/27/1991,7/30/1991,7,1991,9.9,33.78,8.45,2.3,3.48,0.87,2.1,6.89,1.72,0.54,0.82,0.21,8.3,30.1,7.53,1.1,1.4,0.35,0,0.55
42,5,8/7/1991 14:30,8/8/1991 9:50,1,2.162,0.576,0.558,0.484,0.37,0.316,5.486,19.333,0.112,NA,0,0.018,88,58,70,2.45,0,0,P,0,0,1,,8/7/1991,8/11/1991,8,1991,141.51,181.24,36.25,134.94,148.61,29.72,62.3,72.18,14.44,60.27,63.25,12.65,19,50.9,10.18,12.7,15.8,3.16,0,2.16
43,3,8/16/1991 17:10,8/17/1991 1:40,1,0.243,0.3,0.27,0.252,0.22,0.178,0.338,8.5,0.029,NA,0.01,0.141,83,63,73,0.35,0,0,P,0,0,1,,8/16/1991,8/18/1991,8,1991,4.73,13.65,4.55,0.43,0.75,0.25,1.21,3.37,1.12,0.22,0.4,0.13,7,20.2,6.73,0.5,1.1,0.37,0,0.24
44,2,9/8/1991 6:55,9/8/1991 13:45,1,0.643,0.48,0.414,0.36,0.322,0.278,1.446,6.833,0.094,NA,0,0.05,85,64,75,1.01,0,0,P,0,0,1,,9/8/1991,9/9/1991,9,1991,4.6,8.96,4.48,0.75,1.34,0.67,1.5,2.47,1.23,0.55,0.72,0.36,6.9,13.7,6.85,0.8,1.5,0.75,0,0.64
45,2,9/11/1991 6:20,9/11/1991 21:25,1,0.796,0.408,0.378,0.328,0.28,0.261,1.423,15.083,0.053,NA,0,0,72,57,64,0.8,0,0,P,0,0,1,,9/11/1991,9/12/1991,9,1991,5.7,10.8,5.4,1.93,3.09,1.55,1.9,2.79,1.39,1.1,1.16,0.58,7.3,14.4,7.2,1,1.8,0.9,0,0.8
46,4,9/13/1991 23:45,9/14/1991 14:10,1,0.673,1.164,0.972,0.744,0.392,0.222,1.951,14.417,0.047,NA,0,0,82,50,70,0.8,0,0,P,0,0,1,,9/13/1991,9/16/1991,9,1991,11.8,24.84,6.21,7.86,8.28,2.07,4.3,7.19,1.8,3.47,3.5,0.88,9,29.1,7.28,2.4,3,0.75,0,0.67
47,4,9/24/1991 2:05,9/24/1991 12:35,1,0.299,0.12,0.084,0.084,0.074,0.067,0.106,10.5,0.028,NA,0.083,0.085,62,31,47,0.57,0,0,P,0,0,1,,9/24/1991,9/27/1991,9,1991,5.34,20.86,5.22,0.28,0.83,0.21,1.53,5.98,1.49,0.08,0.24,0.06,6.6,25.7,6.43,0.5,1.5,0.38,0,0.3
48,3,10/5/1991 16:00,10/6/1991 2:10,1,0.211,0.096,0.084,0.084,0.074,0.065,0.075,10.167,0.021,0.19,0.193,0.199,59,27,42,0.43,0,0,P,0,0,1,,10/5/1991,10/7/1991,10,1991,4.39,12.66,4.22,0.67,0.91,0.3,1.29,3.72,1.24,0.18,0.25,0.08,6.9,19.8,6.6,0.5,0.6,0.2,0,0.21
49,3,10/23/1991 21:45,10/24/1991 0:50,1,1.036,1.488,1.392,1.308,1.124,0.823,9.958,3.083,0.336,0,0,0.002,71,36,50,0.96,0,0,P,0,0,1,,10/23/1991,10/25/1991,10,1991,207.9,223.86,74.62,197.26,200.52,66.84,52.4,54.07,18.02,51.41,51.45,17.15,14,28,9.33,7.6,8.8,2.93,0,1.04
50,4,10/31/1991 11:25,11/2/1991 1:05,1,2.742,2.484,2.364,1.656,0.974,0.612,19.291,37.667,0.073,0,0.09,0.09,38,11,23,3.11,NA,0,P,0,0,1,12.98%,10/31/1991,11/3/1991,10,1991,1387.68,1511.55,377.89,1383.47,1453.76,363.44,631.85,680.4,170.1,631.04,673.9,168.48,82,113.8,28.45,71,74.3,18.58,0,2.74
51,2,,,,,,,,,,,,,,,,37,8,22,0,0,1,0,0,M,5,14.98%,11/8/1991,11/9/1991,11,1991,10.27,19.2,9.6,2.48,3.61,1.81,1.46,2.83,1.42,0.17,0.25,0.13,7.9,15.8,7.9,0,0,0,0.15,0.15
52,2,11/14/1991 14:25,11/15/1991 7:40,1,0.668,0.24,0.234,0.212,0.208,0.184,0.812,17.25,0.039,0,0,0.008,46,30,39,0.56,0,2,P,0,M,2,33.75%,11/14/1991,11/15/1991,11,1991,74.31,114.92,57.46,55.1,76.5,38.25,12.75,20.68,10.34,9.94,15.05,7.53,14,26,13,5.3,8.6,4.3,0.68,1.34
53,2,11/17/1991 13:00,11/18/1991 6:20,1,1.25,0.264,0.252,0.24,0.222,0.21,1.756,17.333,0.072,0.002,0.672,0.672,50,24,39,1.29,0,1,P,0,M,2,38.00%,11/17/1991,11/18/1991,11,1991,228.31,299.25,149.62,200.95,244.53,122.27,94.14,134.06,67.03,88.1,121.98,60.99,23,37,18.5,13,17,8.5,0.38,1.63
54,2,,,,,,,,,,,,,,,,47,26,41,0,0,Z,0,0,M,6,,11/20/1991,11/21/1991,11,1991,10.85,20.38,10.19,2.57,3.82,1.91,1.82,3.54,1.77,0.23,0.35,0.18,11,21,10.5,1,1,0.5,NA,NA
55,2,,,,,,,,,,,,,,,,34,10,22,0.25,NA,N,P,0,M,3,7.20%,11/23/1991,11/24/1991,11,1991,7.55,14.54,7.27,1.71,2.86,1.43,1.56,3.1,1.55,0.18,0.34,0.17,9.9,19.7,9.85,0.2,0.3,0.15,NA,NA
56,2,11/29/1991 13:30,11/30/1991 4:05,1,0.846,0.264,0.234,0.216,0.214,0.17,1.049,14.583,0.058,0,0.014,0.014,33,9,24,0.97,0,0,P,0,0,1,18.42%,11/29/1991,11/30/1991,11,1991,38.26,59.26,29.63,18.53,19.8,9.9,13.12,23.73,11.86,11.25,19.98,9.99,15,27,13.5,6.3,9.6,4.8,0,0.85
57,3,,,,,,,,,,,,,,,,46,20,34,0,0,N,0,0,M,7,26.78%,12/7/1991,12/9/1991,12,1991,5.85,15.02,5.01,1.5,2.23,0.74,1.17,3.37,1.12,0.12,0.21,0.07,9.1,27.1,9.03,0.1,0.1,0.03,NA,NA
58,4,12/12/1991 3:45,12/12/1991 19:10,1,0.884,0.168,0.138,0.132,0.126,0.119,0.639,15.417,0.057,0.002,0.002,0.002,37,3,24,1.01,0,1,P,0,M,2,38.39%,12/12/1991,12/15/1991,12,1991,35.97,57.65,14.41,33.11,43.25,10.81,17.41,22.59,5.65,16.48,17.93,4.48,14,43.4,10.85,5.4,8.4,2.1,0.38,1.27
59,2,,,,,,,,,,,,,,,,36,21,30,0.2,1,1,P,S,M,3,47.70%,12/20/1991,12/21/1991,12,1991,3.72,7.43,3.71,0.1,0.19,0.1,1.23,2.45,1.22,0.03,0.05,0.03,7.8,15.5,7.75,0.2,0.3,0.15,0.48,0.48
60,14,,,,,,,,,,,,,,,,38,15,31,0.01,0,5,P,0,M,5,44.75%,12/23/1991,1/5/1992,12,1991,3.55,41.59,2.97,0.32,1.04,0.07,1.18,14.25,1.02,0.09,0.25,0.02,7.8,101.7,7.26,0.4,0.5,0.04,2.24,2.24
61,4,,,,,,,,,,,,,,,,46,12,30,0.15,0,U,P,0,M,3,34.86%,1/8/1992,1/11/1992,1,1992,2.66,10.2,2.55,0.14,0.32,0.08,0.96,3.68,0.92,0.06,0.12,0.03,7.9,30.6,7.65,0.4,0.9,0.23,NA,NA
62,2,,,,,,,,,,,,,,,,37,6,21,0,0,Z,0,0,M,6,32.86%,1/13/1992,1/14/1992,1,1992,2.33,4.58,2.29,0.16,0.25,0.13,0.85,1.68,0.84,0.05,0.08,0.04,7.4,14.8,7.4,0,0,0,NA,NA
63,2,,,,,,,,,,,,,,,,38,7,25,0,0,Z,0,0,M,6,20.38%,1/20/1992,1/21/1992,1,1992,1.7,3.38,1.69,0.04,0.07,0.04,0.64,1.28,0.64,0.02,0.04,0.02,6.2,12.4,6.2,0.3,0.3,0.15,NA,NA
64,3,1/22/1992 12:25,1/23/1992 4:10,1,0.278,0.108,0.078,0.088,0.068,0.054,0.092,15.75,0.018,0.002,0.002,0.002,36,6,22,0.2,0,0,P,0,0,1,32.86%,1/22/1992,1/24/1992,1,1992,1.89,5.54,1.85,0.07,0.09,0.03,0.7,2.05,0.68,0.03,0.04,0.01,7,20.5,6.83,0.8,1.6,0.53,0,0.28
65,2,,,,,,,,,,,,,,,,37,24,32,0,0,Z,0,0,M,6,29.13%,1/30/1992,1/31/1992,1,1992,1.8,3.58,1.79,0.04,0.08,0.04,0.6,1.19,0.6,0.03,0.04,0.02,6.7,13.3,6.65,0.2,0.3,0.15,NA,NA
66,6,,,,,,,,,,,,,,,,43,12,32,0,0,2,0,0,M,5,32.48%,2/2/1992,2/7/1992,2,1992,1.9,11.14,1.86,0.23,0.43,0.07,0.6,3.46,0.58,0.09,0.18,0.03,7,41.3,6.88,0.4,1.1,0.18,0.65,0.65
67,3,,,,,,,,,,,,,,,,40,28,35,0.24,2.5,1.5,P,S,M,3,28.62%,2/17/1992,2/19/1992,2,1992,7.47,13.49,4.5,5.75,8.17,2.72,1.38,3.08,1.03,0.93,1.68,0.56,8,22.4,7.47,1.1,1.7,0.57,0.43,0.43
68,7,,,,,,,,,,,,,,,,60,21,38,0.13,NA,4,P,0,M,3,26.65%,2/25/1992,3/2/1992,2,1992,218.12,359.6,51.37,197.05,273.19,39.03,139.29,183.95,26.28,129.92,150.77,21.54,17,78.8,11.26,7.2,18.6,1.55,1.07,1.07
69,3,3/3/1992 16:00,3/4/1992 6:10,1,0.335,0.24,0.21,0.184,0.176,0.129,0.351,14.167,0.024,0,0,0,45,33,39,0.3,0,0,P,0,0,1,,3/3/1992,3/5/1992,3,1992,117.41,190.01,63.34,96.13,126.39,42.13,38.54,63.4,21.13,33.75,44.46,14.82,15,39,13,3,3,1,0,0.34
70,4,3/8/1992 22:00,3/9/1992 11:00,1,0.798,0.36,0.336,0.308,0.288,0.244,1.506,13,0.061,0.002,0.025,0.093,44,6,25,0.81,4,1,P,S,M,2,24.46%,3/8/1992,3/11/1992,3,1992,181.14,224.23,56.06,168.07,175.22,43.81,77.68,92.44,23.11,75,80.61,20.15,19,53,13.25,8,9,2.25,0.24,1.04
71,14,,,,,,,,,,,,,,,,63,10,34,0.26,NA,3,P,0,M,3,13.44%,3/13/1992,3/26/1992,3,1992,9.11,61.4,4.39,4.56,6.6,0.47,2.14,23.89,1.71,0.23,1.18,0.08,10,137.1,9.79,0.5,3,0.21,0.4,0.4
72,2,3/28/1992 16:20,3/30/1992 2:15,1,0.409,0.072,0.06,0.056,0.052,0.048,0.09,33.917,0.012,0,0,0,40,24,33,0.48,0,0,P,0,0,1,13.33%,3/28/1992,3/29/1992,3,1992,3.44,6.53,3.27,0.36,0.38,0.19,1.1,2.12,1.06,0.15,0.22,0.11,10,19.1,9.55,1,1.1,0.55,0,0.41
73,7,,,,,,,,,,,,,,,,70,23,42,0,0,Z,0,0,M,6,,3/31/1992,4/6/1992,3,1992,2.89,17.21,2.46,0.33,1.17,0.17,0.88,5.12,0.73,0.11,0.39,0.06,9.3,63.3,9.04,0.2,3.1,0.26,NA,NA
74,7,,,,,,,,,,,,,,,,65,22,41,0.33,0,U,P,0,M,3,,4/7/1992,4/13/1992,4,1992,1.92,11.52,1.65,0.16,0.55,0.08,0.55,3.2,0.46,0.05,0.16,0.02,8.6,58.7,8.39,0.4,1.5,0.13,NA,NA
75,2,4/15/1992 3:05,4/16/1992 5:45,2,0.927,0.684,0.612,0.588,0.442,0.332,2.102,26.667,0.035,0,0.004,0.066,48,35,42,1.14,0,0,P,0,0,1,,4/15/1992,4/16/1992,4,1992,19.38,29.24,14.62,13.84,18.16,9.08,4.91,6.72,3.36,3.77,4.44,2.22,11,21,10.5,2.8,4.6,2.3,0,0.93
76,5,4/18/1992 22:00,4/21/1992 1:30,2,1.709,0.912,0.864,0.72,0.472,0.384,4.818,51.5,0.033,0,0.083,0.927,67,32,50,2.25,0,0,P,0,0,1,,4/18/1992,4/22/1992,4,1992,240.1,359.39,71.88,236.8,324.04,64.81,164.2,229.24,45.85,163.53,215.11,43.02,20,72.4,14.48,7,14.6,2.92,0,1.71
77,4,5/16/1992 10:50,5/17/1992 2:45,1,1.576,2.052,1.752,1.676,1.652,1.046,21.724,15.917,0.099,0,0.019,0.028,85,50,65,1.89,0,0,P,0,0,1,,5/16/1992,5/19/1992,5,1992,156.46,234.33,58.58,153.9,216.94,54.24,84.5,133.58,33.39,83.3,123.5,30.88,13,42.8,10.7,5.2,8.9,2.23,0,1.58
78,5,5/21/1992 15:00,5/22/1992 19:35,2,1.13,1.26,1.116,1.064,0.894,0.521,7.062,28.583,0.04,0,0,1.448,84,43,60,0.58,0,0,P,0,0,1,,5/21/1992,5/25/1992,5,1992,84.15,199.57,39.91,55.49,95.01,19,25.06,48.55,9.71,16.16,17.4,3.48,11,47.5,9.5,2.6,5.2,1.04,0,1.13
79,3,6/16/1992 8:10,6/18/1992 2:00,3,1.383,1.284,1.152,1.008,0.692,0.384,5.908,41.833,0.033,0,0.179,0.179,78,59,69,1.55,0,0,P,0,0,1,,6/16/1992,6/18/1992,6,1992,29.48,56.32,18.77,21.51,35.15,11.72,8.06,15.9,5.3,5.59,9.28,3.09,9.9,27.9,9.3,1.3,2.1,0.7,0,1.38
80,2,6/23/1992 16:05,6/24/1992 6:35,1,0.241,1.056,0.918,0.636,0.362,0.2,0.671,14.5,0.017,0.006,0.006,0.051,75,53,65,0.31,0,0,P,0,0,1,,6/23/1992,6/24/1992,6,1992,8.76,16.9,8.45,1.32,2.02,1.01,3.12,6.13,3.06,0.34,0.57,0.29,8.5,17,8.5,0.5,1,0.5,0,0.24
81,2,7/2/1992 5:45,7/2/1992 6:50,1,0.741,3.528,3.03,2.34,1.384,0.736,10.067,1.083,0.684,0,0,0.075,81,60,70,0.52,0,0,P,0,0,1,,7/2/1992,7/3/1992,7,1992,35.7,44.08,22.04,28.18,29.04,14.52,15.92,19.04,9.52,13.34,13.88,6.94,10,18.2,9.1,2.2,2.6,1.3,0,0.74
82,2,7/8/1992 2:55,7/8/1992 7:40,1,0.307,0.372,0.33,0.316,0.286,0.222,0.577,4.75,0.065,0,0,0.004,84,65,74,0.31,0,0,P,0,0,1,,7/8/1992,7/9/1992,7,1992,6.76,13.22,6.61,0.3,0.3,0.15,1.84,3.59,1.8,0.1,0.11,0.06,8.3,16.3,8.15,0.5,0.7,0.35,0,0.31
83,3,7/13/1992 12:50,7/13/1992 19:20,1,1.251,0.636,0.624,0.608,0.606,0.571,5.916,6.5,0.192,0,0.105,0.161,75,53,64,2.78,0,0,P,0,0,1,,7/13/1992,7/15/1992,7,1992,84.13,116.18,38.73,77.67,90.44,30.15,44.08,51.47,17.16,42.35,44.9,14.97,13,31.2,10.4,4.2,4.8,1.6,0,1.25
84,3,7/22/1992 8:30,7/22/1992 21:55,1,1.161,0.336,0.324,0.32,0.27,0.252,2.025,13.417,0.087,0,0.061,0.07,73,45,61,0.99,0,0,P,0,0,1,,7/22/1992,7/24/1992,7,1992,32.21,55.44,18.48,28.19,37.17,12.39,14.81,21.02,7.01,13.61,15.05,5.02,10,27,9,2.1,3.3,1.1,0,1.16
85,2,8/1/1992 17:45,8/2/1992 13:15,1,1.292,2.184,1.896,1.52,1.448,0.835,15.731,19.5,0.066,0,0,0.014,85,60,75,NA,NA,0,P,0,0,1,,8/1/1992,8/2/1992,8,1992,30.01,36.29,18.15,25.97,28.21,14.11,16.3,19.26,9.63,14.79,16.24,8.12,9.8,19.6,9.8,2.9,5.8,2.9,0,1.29
86,2,8/7/1992 10:40,8/7/1992 14:25,1,0.385,0.36,0.318,0.312,0.252,0.187,0.637,3.75,0.103,0.049,0.049,0.122,89,59,70,NA,NA,0,P,0,0,1,,8/7/1992,8/8/1992,8,1992,3.98,7.93,3.96,0.46,0.89,0.45,1.12,2.22,1.11,0.18,0.34,0.17,8.2,16.1,8.05,1,1.7,0.85,0,0.39
87,1,9/2/1992 4:15,9/2/1992 18:20,1,0.419,0.264,0.234,0.22,0.196,0.154,0.468,14.083,0.03,0,0,0.002,68,64,66,0.1,0,0,P,0,0,1,,9/2/1992,9/2/1992,9,1992,2.27,2.27,2.27,0.19,0.19,0.19,0.46,0.46,0.46,0.04,0.04,0.04,7,7,7,0,0,0,0,0.42
88,4,9/4/1992 8:50,9/6/1992 2:50,2,1.178,1.944,1.794,1.796,1.34,0.723,10.721,42,0.028,0.002,0.423,0.423,84,54,68,1.2,0,0,P,0,0,1,,9/4/1992,9/7/1992,9,1992,16.11,36.21,9.05,13.8,24.09,6.02,7.38,15.8,3.95,4.13,8.36,2.09,9.3,32.5,8.12,1.9,3.3,0.82,0,1.18
89,2,9/9/1992 2:10,9/9/1992 13:00,1,0.438,0.636,0.546,0.492,0.38,0.315,1.169,10.833,0.04,0,0.063,1.239,71,48,59,0.48,0,0,P,0,0,1,,9/9/1992,9/10/1992,9,1992,4.14,7.7,3.85,0.78,0.98,0.49,3.52,6.49,3.25,0.77,0.99,0.5,8.4,15.8,7.9,1,1,0.5,0,0.44
90,2,9/13/1992 20:35,9/14/1992 12:20,1,0.849,0.624,0.528,0.46,0.34,0.235,1.965,15.75,0.054,0.012,0.012,0.452,78,61,70,0.85,0,0,P,0,0,1,,9/13/1992,9/14/1992,9,1992,19.74,22.9,11.45,16.57,16.57,8.29,3.11,5.62,2.81,0.6,0.6,0.3,9.5,16.7,8.35,1.5,1.5,0.75,0,0.85
91,5,9/15/1992 23:45,9/16/1992 10:15,1,4.245,1.98,1.722,1.544,1.26,1,45.583,10.5,0.404,0.002,0.863,0.863,81,44,65,3.62,0,0,P,0,0,1,,9/15/1992,9/19/1992,9,1992,3257.14,3321.86,664.37,3249.89,3289.04,657.81,1650.35,1675.34,335.07,1648.02,1661.21,332.24,140,192,38.4,132,140,28,0,4.25
92,3,10/8/1992 11:15,10/8/1992 17:00,1,0.233,0.432,0.294,0.264,0.184,0.106,0.259,5.75,0.041,0,0.017,0.017,60,40,50,0.49,0,0,P,0,0,1,,10/8/1992,10/10/1992,10,1992,2.95,8.54,2.85,0.73,1.5,0.5,0.54,1.5,0.5,0.16,0.36,0.12,8.1,24.2,8.07,0.1,0.2,0.07,0,0.23
93,4,10/31/1992 23:40,11/3/1992 2:30,1,1.398,0.228,0.21,0.204,0.2,0.146,1.453,50.833,0.028,0,0,0,46,33,38,1.61,0,0,P,0,0,1,10.42%,10/31/1992,11/3/1992,10,1992,67.55,102.36,25.59,58.81,78.99,19.75,23.71,35.27,8.82,20.8,27.73,6.93,17,48,12,7,10.4,2.6,0,1.4
94,3,11/19/1992 16:30,11/21/1992 4:20,1,1.581,0.348,0.294,0.24,0.194,0.149,1.666,35.833,0.044,0,0,0,44,32,38,1.67,0,0,P,0,0,1,,11/19/1992,11/21/1992,11,1992,79.57,124.11,41.37,69.66,101.65,33.88,25.85,41.54,13.85,22.03,33.43,11.14,19,42.3,14.1,10.7,17.4,5.8,0,1.58
95,6,12/13/1992 13:25,12/16/1992 2:00,1,0.492,0.18,0.126,0.096,0.072,0.055,0.156,60.583,0.008,0.004,0.008,0.008,39,15,30,0.51,1,1,P,S,M,2,16.02%,12/13/1992,12/18/1992,12,1992,8.71,36.23,6.04,5.19,10.57,1.76,1.42,7.14,1.19,0.36,0.77,0.13,10,54,9,1.4,3.3,0.55,0.16,0.65
96,3,,,,,,,,,,,,,,,,33,6,21,0.18,2,1,P,S,M,3,10.00%,12/19/1992,12/21/1992,12,1992,6.02,17.3,5.77,0.43,0.64,0.21,1.08,3.17,1.06,0.03,0.05,0.02,8.4,25,8.33,0.1,0.1,0.03,0.1,0.1
97,2,,,,,,,,,,,,,,,,34,0,21,0.25,3,U,P,S,M,3,14.91%,12/29/1992,12/30/1992,12,1992,3.64,7.13,3.57,0.38,0.62,0.31,0.83,1.64,0.82,0.05,0.08,0.04,7.4,14.8,7.4,0,0,0,NA,NA
98,2,,,,,,,,,,,,,,,,NA,-9,NA,0.03,NA,1,P,0,M,3,15.48%,12/31/1992,1/1/1993,12,1992,3.26,6.22,3.11,0.08,0.08,0.04,0.78,1.5,0.75,0,0,0,7.2,14,7,0.4,0.4,0.2,0.15,0.15
99,3,,,,,,,,,,,,,,,,NA,NA,NA,0.1,1.7,N,P,S,M,3,14.29%,1/3/1993,1/5/1993,1,1993,2.88,8.27,2.76,0.36,0.51,0.17,0.74,2.16,0.72,0.06,0.1,0.03,7.2,21.2,7.07,0.3,0.5,0.17,NA,NA
100,3,,,,,,,,,,,,,,,,NA,NA,NA,0.91,9,N,P,S,M,3,11.91%,1/12/1993,1/14/1993,1,1993,1.91,5.59,1.86,0.21,0.33,0.11,0.61,1.81,0.6,0.04,0.09,0.03,6.9,20.4,6.8,0.2,0.3,0.1,NA,NA
101,5,,,,,,,,,,,,,,,,NA,NA,NA,0.49,0,1,P,0,M,3,11.61%,1/19/1993,1/23/1993,1,1993,1.67,7.73,1.55,0.23,0.71,0.14,0.65,2.95,0.59,0.1,0.29,0.06,7.3,34.7,6.94,1.1,1.8,0.36,0.12,0.12
102,13,,,,,,,,,,,,,,,,NA,18,NA,0.09,NA,7,P,0,M,3,21.20%,1/24/1993,2/5/1993,1,1993,2.06,23.09,1.78,0.14,0.72,0.06,0.9,9.61,0.74,0.07,0.38,0.03,7.4,90.6,6.97,0.6,2.2,0.17,1.48,1.48
103,2,,,,,,,,,,,,,,,,33,18,27,0.22,NA,U,P,0,M,3,26.17%,2/10/1993,2/11/1993,2,1993,2.32,4.59,2.3,0.07,0.1,0.05,1.07,2.12,1.06,0.05,0.07,0.04,7.6,15.2,7.6,0.1,0.1,0.05,NA,NA
104,4,,,,,,,,,,,,,,,,27,1,15,0.04,NA,U,P,0,M,3,25.10%,2/13/1993,2/16/1993,2,1993,2.45,9.57,2.39,0.11,0.29,0.07,1.16,4.56,1.14,0.09,0.24,0.06,7.9,30.1,7.52,0.4,0.9,0.22,NA,NA
105,10,,,,,,,,,,,,,,,,47,19,35,0.01,0,5,P,0,M,5,25.38%,2/28/1993,3/9/1993,2,1993,4.53,29.82,2.98,0.98,1.83,0.18,1.23,8.48,0.85,0.39,0.67,0.07,9.3,80.9,8.09,0.7,1.8,0.18,1.27,1.27
106,3,,,,,,,,,,,,,,,,35,8,21,0.5,3.3,U,P,S,M,3,20.36%,3/10/1993,3/12/1993,3,1993,4.06,11.31,3.77,0.52,0.79,0.26,1.08,2.97,0.99,0.16,0.24,0.08,8.9,25.6,8.53,0.7,1,0.33,NA,NA
107,4,,,,,,,,,,,,,,,,41,4,20,0,0,2,0,0,M,5,27.06%,3/15/1993,3/18/1993,3,1993,3.03,11.66,2.91,0.16,0.41,0.1,0.74,2.88,0.72,0.02,0.03,0.01,8,31,7.75,0.4,1,0.25,0.54,0.54
108,8,,,,,,,,,,,,,,,,65,29,40,0.09,1,7,P,S,M,3,29.17%,3/22/1993,3/29/1993,3,1993,91.43,377,47.13,43.24,143.44,17.93,35.47,140.2,17.53,15.67,46.02,5.75,18,104.3,13.04,4,11.5,1.05,2.04,2.04
109,4,3/30/1993 12:25,3/31/1993 17:35,1,1.657,0.264,0.252,0.248,0.226,0.215,2.23,29.167,0.057,0,0,0,57,24,38,1.58,NA,2,P,0,M,2,13.83%,3/30/1993,4/2/1993,3,1993,586.47,727.48,181.87,543.63,603.07,150.77,412.67,474.85,118.71,394.53,423.75,105.94,48,106,26.5,30,35,8.75,0.28,1.93
110,3,4/7/1993 3:25,4/8/1993 5:35,1,0.473,0.144,0.108,0.104,0.082,0.069,0.193,26.167,0.018,0,0,0,51,39,45,0.8,0,0,P,0,0,1,,4/7/1993,4/9/1993,4,1993,50.98,105.74,35.25,25.15,28.25,9.42,21.69,42.72,14.24,12.67,15.66,5.22,19,50,16.67,6,10,3.33,0,0.47
111,2,4/11/1993 0:35,4/11/1993 23:30,1,0.721,0.276,0.258,0.256,0.234,0.177,0.94,22.917,0.031,0,0.215,0.633,50,33,41,1.03,0,0,P,0,0,1,,4/11/1993,4/12/1993,4,1993,77.33,141.99,71,60.86,109.05,54.53,33.42,61.29,30.65,29,52.45,26.23,24,41,20.5,10,13,6.5,0,0.72
112,4,4/14/1993 0:35,4/16/1993 16:35,1,0.895,0.168,0.102,0.096,0.084,0.079,0.36,64,0.014,0,0.727,0.731,64,30,42,0.86,2,0,P,S,M,1,20.00%,4/14/1993,4/17/1993,4,1993,83.23,196.66,49.16,52.68,116.06,29.02,30.4,66.68,16.67,19.07,36.99,9.25,26,84,21,5,7,1.75,0,0.9
113,3,4/18/1993 20:20,4/20/1993 11:55,1,2.286,0.348,0.3,0.284,0.264,0.23,3.713,39.583,0.058,0,0.238,0.895,61,31,47,2.35,0,0,P,0,0,1,,4/18/1993,4/20/1993,4,1993,830.25,1176.75,392.25,754.67,995.04,331.68,406.67,604.2,201.4,376.65,532.83,177.61,67,123,41,48,66,22,0,2.29
114,4,4/26/1993 22:50,4/27/1993 20:15,1,1.125,0.312,0.282,0.268,0.26,0.248,1.807,21.417,0.053,0,0.008,0.01,74,35,55,0.98,0,0,P,0,0,1,,4/26/1993,4/29/1993,4,1993,256.99,377.61,94.4,237.19,290.11,72.53,85.71,108.28,27.07,80.71,88.69,22.17,31,90,22.5,12,16,4,0,1.13
115,2,5/1/1993 10:20,5/2/1993 22:25,1,0.9,0.276,0.204,0.18,0.15,0.135,0.779,36.083,0.025,0.002,0.01,1.139,59,43,52,1.04,0,0,P,0,0,1,,5/1/1993,5/2/1993,5,1993,117.19,183.85,91.93,92.84,135.15,67.58,44.33,81.8,40.9,30.33,53.81,26.91,24,46,23,7,12,6,0,0.9
116,3,5/3/1993 9:45,5/4/1993 18:35,1,0.302,0.168,0.126,0.092,0.074,0.057,0.106,32.833,0.009,0.053,0.902,0.91,76,48,58,0.81,0,0,P,0,0,1,,5/3/1993,5/5/1993,5,1993,27.97,70.39,23.46,13.48,17.07,5.69,14,31.38,10.46,9.43,10.37,3.46,21,61,20.33,2,4,1.33,0,0.3
117,2,5/10/1993 14:55,5/10/1993 19:10,1,0.651,1.068,0.834,0.752,0.584,0.406,2.9,4.25,0.153,0,0.004,0.043,79,60,70,0.96,0,0,P,0,0,1,,5/10/1993,5/11/1993,5,1993,54.04,68.8,34.4,45.19,51.1,25.55,20.99,24.22,12.11,18.81,19.87,9.94,19,37,18.5,4,7,3.5,0,0.65
118,4,5/23/1993 12:20,5/27/1993 19:25,2,0.82,0.732,0.714,0.72,0.446,0.25,2.031,103.083,0.008,0.103,0.103,0.105,76,49,60,0.79,0,0,P,0,0,1,,5/23/1993,5/26/1993,5,1993,25.07,51.25,12.81,18.13,24.19,6.05,12.67,19.36,4.84,11.26,13.24,3.31,17,60,15,4,8,2,0,0.82
119,4,5/29/1993 19:05,5/30/1993 22:00,1,1.283,0.444,0.402,0.384,0.336,0.242,2.597,26.917,0.048,0,0.369,0.441,64,45,55,1.15,0,0,P,0,0,1,,5/29/1993,6/1/1993,5,1993,165.99,221.23,55.31,160.47,189.3,47.33,64.03,120.15,30.04,62.65,111.53,27.88,25,77,19.25,8,14,3.5,0,1.28
120,5,6/7/1993 7:55,6/8/1993 18:00,3,2.231,2.076,1.668,1.496,0.95,0.83,14.271,34.083,0.065,0,0,0.005,80,58,68,2.99,0,0,P,0,0,1,,6/6/1993,6/10/1993,6,1993,1953.98,2076.49,415.3,1948.77,2036.19,407.24,948.19,988.12,197.62,946.65,976.34,195.27,57,121,24.2,42,54,10.8,0,2.23
121,7,6/16/1993 5:05,6/20/1993 16:25,3,4.01,1.2,1.044,0.932,0.704,0.69,12.313,107.333,0.037,0,0.204,0.204,86,60,69,3.64,0,0,P,0,0,1,,6/16/1993,6/22/1993,6,1993,922.58,2406.37,343.77,866.68,2162.83,308.98,396.6,1082.68,154.67,369.62,963.2,137.6,56,248,35.43,33,96,8,0,4.01
122,2,6/24/1993 8:25,6/24/1993 13:45,1,0.324,1.176,1.098,0.952,0.606,0.305,1.684,5.333,0.061,0.059,0.059,0.961,77,63,71,0.26,0,0,P,0,0,1,,6/24/1993,6/25/1993,6,1993,61.45,91.45,45.72,37.62,43.79,21.9,33.73,45.5,22.75,25.29,28.62,14.31,23,42,21,4,4,2,0,0.32
123,2,6/29/1993 19:55,6/29/1993 23:15,1,0.488,0.324,0.318,0.3,0.284,0.228,0.917,3.333,0.146,0.075,0.075,0.075,76,58,67,0.56,0,0,P,0,0,1,,6/29/1993,6/30/1993,6,1993,25.36,41.85,20.92,8.74,8.74,4.37,9.22,14.01,7.01,4.74,4.74,2.37,18,32,16,4,4,2,0,0.49
124,4,7/1/1993 23:30,7/3/1993 16:05,2,2.286,3.048,2.712,2.448,1.538,1.069,27.876,40.583,0.056,0,0.563,0.563,85,60,73,3.57,0,0,P,0,0,1,,7/1/1993,7/4/1993,7,1993,2998.01,4307.1,1076.78,2974.5,4226.84,1056.71,1511.69,1979.49,494.87,1502.92,1953,488.25,77,190,47.5,53,104,26,0,2.29
125,3,7/7/1993 15:20,7/7/1993 16:10,1,0.222,0.864,0.804,0.708,0.434,-9,0.799,0.833,0.266,0,0.021,0.983,83,57,70,0.04,0,0,P,0,0,1,,7/7/1993,7/9/1993,7,1993,22.38,59.45,19.82,3.67,8.3,2.77,12.42,24.77,8.26,6.22,7.83,2.61,19,54,18,2,3,1,0,0.22
126,2,7/11/1993 1:45,7/11/1993 9:00,1,0.391,0.444,0.42,0.376,0.314,0.243,0.818,7.25,0.054,0,0.053,0.277,84,52,70,0.44,0,0,P,0,0,1,,7/11/1993,7/12/1993,7,1993,24.43,38.18,19.09,10.7,10.7,5.35,19.03,24.91,12.45,14.5,14.72,7.36,21,36,18,6,6,3,0,0.39
127,3,7/13/1993 9:35,7/13/1993 13:00,1,0.342,0.48,0.396,0.32,0.238,0.222,0.528,3.417,0.1,0,0.391,0.44,84,62,72,0.42,0,0,P,0,0,1,,7/13/1993,7/15/1993,7,1993,20.62,50.03,16.68,6.87,9.24,3.08,15.79,26.25,8.75,10.13,10.35,3.45,19,49,16.33,4,6,2,0,0.34
128,2,7/27/1993 16:40,7/27/1993 20:00,1,0.679,1.644,1.464,1.212,0.926,0.64,5.42,3.333,0.204,0.106,0.26,0.328,89,67,76,0.46,0,0,P,0,0,1,,7/27/1993,7/28/1993,7,1993,219.69,245.97,122.98,206.28,219.15,109.58,115.09,122.17,61.09,110.04,112.08,56.04,23,39,19.5,10,13,6.5,0,0.68
129,4,8/9/1993 2:00,8/9/1993 11:00,1,1.096,3.876,3.636,3.404,1.978,1.054,21.609,9,0.122,0.084,0.087,0.152,93,61,79,0.98,0,0,P,0,0,1,,8/9/1993,8/12/1993,8,1993,544.39,580.49,145.12,534.7,540.39,135.1,309.75,321.15,80.29,306.49,308.97,77.24,38,79,19.75,26,28,7,0,1.1
130,2,8/15/1993 1:25,8/15/1993 10:35,1,1.176,0.504,0.438,0.412,0.364,0.345,2.983,9.167,0.128,0.132,0.132,0.132,87,65,77,1.62,0,0,P,0,0,1,,8/15/1993,8/16/1993,8,1993,164.52,179.47,89.74,154.24,158.91,79.46,76.15,81.13,40.57,73.34,75.51,37.76,33,49,24.5,21,22,11,0,1.18
131,4,8/18/1993 9:35,8/18/1993 12:50,1,1.2,2.832,2.742,2.416,1.592,0.902,17.169,3.25,0.369,0.002,0.124,1.404,86,65,74,1.2,0,0,P,0,0,1,,8/18/1993,8/21/1993,8,1993,647.36,702.85,175.71,634.09,655.46,163.87,292.09,309.22,77.3,287.67,293.88,73.47,50,104,26,35,41,10.25,0,1.2
132,4,8/30/1993 1:25,8/30/1993 19:55,1,1.783,3.348,2.634,2.292,1.436,1.054,21.742,18.5,0.096,0,0.002,0.008,78,50,66,2.32,0,0,P,0,0,1,,8/30/1993,9/2/1993,8,1993,1019.15,1086.99,271.75,1013.77,1051.83,262.96,413.71,431.17,107.79,411.68,423.71,105.93,58,110,27.5,46,56,14,0,1.78
133,4,9/11/1993 12:20,9/14/1993 3:25,2,2.007,1.812,1.638,1.568,1.1,0.636,14.68,63.083,0.032,0,0.006,0.048,86,45,63,2.67,0,0,P,0,0,1,,9/11/1993,9/14/1993,9,1993,278.49,335.8,83.95,266.02,299.75,74.94,115.93,126.9,31.73,113.96,120.4,30.1,36,82,20.5,23,31,7.75,0,2.01
134,3,10/15/1993 10:50,10/15/1993 19:50,1,0.27,0.264,0.216,0.188,0.152,0.133,0.24,9,0.03,0,0,0,61,43,52,0.23,0,0,P,0,0,1,,10/15/1993,10/17/1993,10,1993,7.38,21.05,7.02,1.36,3.08,1.03,2.96,8.37,2.79,0.69,1.68,0.56,13,37,12.33,1,1,0.33,0,0.27
135,4,10/20/1993 17:55,10/21/1993 0:05,1,0.325,0.204,0.174,0.148,0.132,0.132,0.245,6.167,0.053,0,0,0.009,75,29,49,0.38,0,0,P,0,0,1,,10/20/1993,10/23/1993,10,1993,8.16,26.82,6.71,2.21,4.52,1.13,3.42,10.21,2.55,1.32,2.71,0.68,13,49,12.25,1,1,0.25,0,0.33
136,3,11/9/1993 16:50,11/10/1993 10:00,1,0.206,0.144,0.114,0.108,0.094,0.077,0.098,17.167,0.012,0,0.006,0.058,47,19,36,0.18,0,0,P,0,0,1,,11/9/1993,11/11/1993,11,1993,3.24,9.43,3.14,0.19,0.28,0.09,0.84,2.45,0.82,0.05,0.08,0.03,12,35,11.67,1,1,0.33,0,0.21
137,5,11/12/1993 17:55,11/13/1993 13:50,1,0.324,0.168,0.15,0.14,0.114,0.089,0.191,19.917,0.016,0,0.201,0.206,51,26,37,0.49,0,0,P,0,0,1,,11/12/1993,11/16/1993,11,1993,7.15,22.67,4.53,3.4,4,0.8,1.87,6.27,1.25,0.91,1.22,0.24,14,62,12.4,2,2,0.4,0,0.32
138,4,,,,,,,,,,,,,,,,34,11,24,0.49,3,U,P,S,M,3,13.31%,11/25/1993,11/28/1993,11,1993,3.46,13.55,3.39,0.12,0.26,0.06,1.03,4.05,1.01,0.03,0.09,0.02,11,44,11,0,0,0,NA,NA
139,4,,,,,,,,,,,,,,,,40,27,33,0.02,0,N,P,0,M,3,8.62%,12/1/1993,12/4/1993,12,1993,3.39,13.38,3.34,0.21,0.33,0.08,1.02,4.04,1.01,0.06,0.1,0.03,12,47,11.75,0,0,0,NA,NA
140,3,,,,,,,,,,,,,,,,50,31,40,0.21,0,N,P,0,M,3,,12/13/1993,12/15/1993,12,1993,3.47,9.93,3.31,0.35,0.52,0.17,1.07,3.07,1.02,0.11,0.17,0.06,12,35,11.67,1,2,0.67,NA,NA
141,3,,,,,,,,,,,,,,,,38,30,34,0.21,0,N,P,0,M,3,,12/17/1993,12/19/1993,12,1993,3.39,10.05,3.35,0.13,0.32,0.11,1.04,3.1,1.03,0.03,0.09,0.03,12,36,12,0,0,0,NA,NA
142,4,,,,,,,,,,,,,,,,28,0,15,0.08,NA,1,P,S,M,3,5.00%,12/21/1993,12/24/1993,12,1993,3.18,11.56,2.89,0.52,1.08,0.27,0.97,3.51,0.88,0.16,0.33,0.08,11,41.6,10.4,0.6,0.8,0.2,0.05,0.05
143,4,,,,,,,,,,,,,,,,38,11,24,0.08,2,N,P,S,M,3,8.26%,12/31/1993,1/3/1994,12,1993,2.72,10.8,2.7,0.18,0.34,0.09,0.8,3.17,0.79,0.05,0.09,0.02,10,40,10,0.6,0.6,0.15,NA,NA
144,2,,,,,,,,,,,,,,,,-7,-24,-16,0.1,NA,N,P,0,M,3,10.43%,1/14/1994,1/15/1994,1,1994,2.4,4.68,2.34,0.12,0.13,0.07,0.67,1.32,0.66,0.03,0.03,0.02,9.4,18.4,9.2,0.4,0.4,0.2,NA,NA
145,4,,,,,,,,,,,,,,,,40,2,21,0,0,N,0,0,M,7,13.78%,1/21/1994,1/24/1994,1,1994,2.48,9.77,2.44,0.12,0.37,0.09,0.68,2.67,0.67,0.03,0.09,0.02,9.9,39,9.75,0.6,0.9,0.23,NA,NA
146,1,,,,,,,,,,,,,,,,20,13,17,0.09,2,1,P,S,M,3,11.11%,1/26/1994,1/26/1994,1,1994,2.42,2.42,2.42,0.04,0.04,0.04,0.65,0.65,0.65,0.01,0.01,0.01,9.7,9.7,9.7,0.1,0.1,0.05,0.11,0.11
147,4,,,,,,,,,,,,,,,,55,21,37,0,0,N,0,0,M,7,19.29%,2/17/1994,2/20/1994,2,1994,2852.11,2965.83,741.46,2843.3,2943.69,735.92,1484.47,1533.42,383.36,1481.59,1526.52,381.63,124,164,41,110,112.5,28.13,NA,NA
148,4,,,,,,,,,,,,,,,,52,0,NA,0.25,0,N,P,0,M,3,24.33%,3/4/1994,3/7/1994,3,1994,773.78,1265.32,316.33,765.33,1233.34,308.34,373.66,520.6,130.15,371.2,510.89,127.72,42,105,26.25,32,56,14,NA,NA
149,3,4/4/1994 5:05,4/4/1994 23:00,1,0.202,0.18,0.09,0.064,0.06,0.053,0.061,17.917,0.011,0,0,0,43,20,33,0.81,2,2,P,S,M,2,19.02%,4/4/1994,4/6/1994,4,1994,5.82,14.92,4.97,1.99,3.78,1.26,1.48,4.1,1.37,0.6,0.96,0.32,11,33,11,0,0,0,0.38,0.58
150,2,4/12/1994 8:25,4/13/1994 9:20,1,0.743,0.492,0.468,0.44,0.414,0.352,2.052,24.917,0.03,0.014,0.014,0.088,56,40,47,0.93,0,0,P,0,0,1,,4/12/1994,4/13/1994,4,1994,18.12,30.63,15.32,15.41,25.21,12.61,11.32,16.34,8.17,10.51,14.72,7.36,15,28,14,5.1,6.1,3.05,0,0.74
151,5,4/14/1994 23:40,4/15/1994 5:40,1,0.744,0.552,0.522,0.512,0.498,0.445,2.773,6,0.124,0,0.743,0.757,88,38,56,0.62,0,0,P,0,0,1,,4/14/1994,4/18/1994,4,1994,132.47,208.95,41.79,123.88,154.74,30.95,65.18,79.14,15.83,62.25,64.98,13,22,73,14.6,10,13,2.6,0,0.74
152,4,4/24/1994 16:35,4/26/1994 11:55,2,2.812,1.464,1.272,1.032,0.684,0.43,13.517,43.333,0.065,0.084,0.084,0.084,85,37,62,2.26,0,0,P,0,0,1,,4/24/1994,4/27/1994,4,1994,2944.06,3135.59,783.9,2897.06,3026.91,756.73,1899.74,1981.07,495.27,1880.84,1938.87,484.72,59,116,29,39,45,11.25,0,2.81
153,3,4/28/1994 11:00,4/29/1994 11:20,1,0.394,0.144,0.138,0.132,0.108,0.104,0.211,24.333,0.016,0,1.433,2.898,47,33,40,0.51,NA,0,P,0,0,1,,4/28/1994,4/30/1994,4,1994,48.15,111.84,37.28,35.22,38.97,12.99,22.56,51.47,17.16,15.51,18.47,6.16,20,56,18.67,3,5,1.67,0,0.39
154,3,5/10/1994 23:10,5/11/1994 4:20,1,0.395,0.888,0.744,0.556,0.298,0.163,0.848,5.167,0.076,0,0,0.011,77,40,62,0.45,0,0,P,0,0,1,,5/10/1994,5/12/1994,5,1994,8.1,17.14,5.71,3.74,4.7,1.57,3.1,5.84,1.95,1.82,2.25,0.75,13,36,12,2,3,1,0,0.4
155,2,5/14/1994 11:25,5/15/1994 6:30,1,0.372,0.576,0.504,0.464,0.356,0.258,0.881,19.083,0.019,0,0,0.395,77,58,67,0.3,0,0,P,0,0,1,,5/14/1994,5/15/1994,5,1994,5.95,11.86,5.93,1.56,3.08,1.54,2.21,4.19,2.09,1,1.77,0.89,12,24,12,1,2,1,0,0.37
156,5,5/23/1994 12:55,5/25/1994 20:05,2,0.644,0.456,0.432,0.376,0.28,0.212,0.991,55.167,0.012,0,0.083,0.083,84,40,63,0.51,0,0,P,0,0,1,,5/23/1994,5/27/1994,5,1994,6.91,29.8,5.96,1.95,4.9,0.98,3.22,13.72,2.74,1.41,3.21,0.64,11,54,10.8,1,2,0.4,0,0.64
157,4,5/30/1994 19:25,5/31/1994 4:35,1,0.455,1.596,1.566,1.212,0.744,0.407,2.912,9.167,0.05,0,0.017,0.037,87,51,69,0.12,0,0,P,0,0,1,,5/30/1994,6/2/1994,5,1994,8.22,26.52,6.63,3.48,6.07,1.52,3.24,11.03,2.76,0.79,1.68,0.42,11,41.5,10.38,1.4,2.7,0.68,0,0.46
158,4,6/5/1994 1:50,6/5/1994 14:35,1,0.713,0.9,0.618,0.504,0.294,0.199,1.365,12.75,0.056,0,0,0.003,87,46,69,1.05,0,0,P,0,0,1,,6/5/1994,6/8/1994,6,1994,15.95,41.05,10.26,10.74,16.49,4.12,6.37,15.02,3.76,4.19,6.35,1.59,12,42,10.5,2.7,2.7,0.68,0,0.71
159,3,6/12/1994 21:25,6/13/1994 6:00,1,0.384,0.36,0.324,0.304,0.258,0.208,0.651,8.583,0.045,0,0.045,0.045,94,57,76,0.47,0,0,P,0,0,1,,6/12/1994,6/14/1994,6,1994,11.71,26.04,8.68,5.03,6.48,2.16,4.1,8.49,2.83,1.98,2.64,0.88,11,29.7,9.9,1.8,2.1,0.7,0,0.38
160,2,6/23/1994 2:25,6/23/1994 12:55,1,0.541,0.3,0.252,0.228,0.192,0.152,0.601,10.5,0.052,0,0.026,0.214,83,62,72,0.61,0,0,P,0,0,1,,6/23/1994,6/24/1994,6,1994,3.95,7.08,3.54,1.9,2.98,1.49,2.07,3.1,1.55,1.72,2.4,1.2,9.9,19.4,9.7,1.5,1.9,0.95,0,0.54
161,3,6/25/1994 20:55,6/26/1994 7:50,1,0.353,0.672,0.57,0.496,0.31,0.162,0.806,10.917,0.032,0,0.541,0.541,85,59,72,0.15,0,0,P,0,0,1,,6/25/1994,6/27/1994,6,1994,3.5,8.3,2.77,1.24,1.52,0.51,1.54,2.82,0.94,0.92,0.95,0.32,9.9,28.1,9.37,0.8,0.9,0.3,0,0.35
162,4,7/5/1994 5:30,7/8/1994 2:45,3,2.376,2.724,2.016,1.74,0.92,0.468,13.297,69.25,0.034,0.051,0.091,0.091,90,57,73,3.52,0,0,P,0,0,1,,7/5/1994,7/8/1994,7,1994,96.84,211.25,52.81,79.79,173.24,43.31,47.36,91.49,22.87,42.97,81.69,20.42,18,59,14.75,5,11.7,2.93,0,2.38
163,2,8/3/1994 15:10,8/4/1994 7:45,1,0.609,1.524,1.194,1.16,0.952,0.531,4.944,16.583,0.037,0,0.053,0.053,85,62,73,0.1,0,0,P,0,0,1,,8/3/1994,8/4/1994,8,1994,7.95,13.04,6.52,4,5.14,2.57,2.36,3.86,1.93,1.37,1.88,0.94,8.8,17,8.5,1.4,2.2,1.1,0,0.61
164,5,8/9/1994 16:40,8/10/1994 21:45,1,3.449,0.744,0.72,0.716,0.69,0.622,17.641,29.083,0.119,0,0.04,0.04,80,52,64,3.68,0,0,P,0,0,1,,8/9/1994,8/13/1994,8,1994,783.38,837.64,167.53,780.17,815.67,163.13,383.02,396.45,79.29,382.22,390.4,78.08,63,107.2,21.44,55.8,59.8,11.96,0,3.45
165,3,8/17/1994 23:45,8/19/1994 15:30,2,1.497,1.752,1.686,1.32,0.784,0.624,8.919,39.75,0.038,0,0,0.002,82,63,73,0.18,0,0,P,0,0,1,,8/17/1994,8/19/1994,8,1994,186.33,207.65,69.22,175.69,181.48,60.49,95.67,107.84,35.95,92.25,99.95,33.32,22,43.8,14.6,13.2,17.4,5.8,0,1.5
166,4,8/25/1994 19:30,8/26/1994 9:30,1,0.27,0.228,0.21,0.212,0.19,0.158,0.311,14,0.019,0,0.023,0.023,91,59,76,0.28,0,0,P,0,0,1,,8/25/1994,8/28/1994,8,1994,6.1,22.9,5.73,0.78,1.26,0.32,1.23,4.59,1.15,0.19,0.29,0.07,9.6,36.7,9.18,0.7,0.9,0.23,0,0.27
167,2,8/30/1994 6:55,8/30/1994 11:05,1,1.234,0.876,0.84,0.792,0.646,0.468,6.21,4.167,0.296,0,0,0.27,69,56,64,0.9,0,0,P,0,0,1,,8/30/1994,8/31/1994,8,1994,113,123.42,61.71,104.24,105.89,52.95,38.49,40.96,20.48,36.53,37.03,18.52,20,31,15.5,11.4,13.8,6.9,0,1.23
168,2,9/2/1994 15:00,9/3/1994 15:00,1,0.264,0.144,0.126,0.116,0.086,0.061,0.11,24,0.011,0,0.014,1.248,71,54,62,0.32,0,0,P,0,0,1,,9/2/1994,9/3/1994,9,1994,8.27,16.33,8.17,0.7,1.19,0.6,1.95,3.81,1.9,0.11,0.12,0.06,10,19.3,9.65,0.7,0.7,0.35,0,0.26
169,4,9/13/1994 18:45,9/16/1994 5:20,2,2.565,1.608,1.38,1.1,0.832,0.609,16.046,58.583,0.044,0.054,0.178,0.178,91,61,76,1.82,0,0,P,0,0,1,,9/13/1994,9/16/1994,9,1994,821.47,864.92,216.23,806.05,814.66,203.67,342.57,360.83,90.21,336.33,340.91,85.23,59,96.3,24.07,49.7,57.4,14.35,0,2.57
170,5,9/20/1994 17:10,9/24/1994 0:25,2,1.532,1.284,1.002,0.884,0.65,0.345,5.711,79.25,0.019,0,0,0.065,82,56,67,1.02,0,0,P,0,0,1,,9/20/1994,9/24/1994,9,1994,67.02,132.15,26.43,55.2,88.76,17.75,31.13,52.44,10.49,27.66,40.22,8.04,19,71,14.2,4,6,1.2,0,1.53
171,3,9/25/1994 11:20,9/25/1994 23:10,1,0.343,0.408,0.312,0.288,0.234,0.151,0.503,11.833,0.029,0.006,0.574,1.54,72,45,58,0.91,0,0,P,0,0,1,,9/25/1994,9/27/1994,9,1994,11.82,30.49,10.16,3.57,4.47,1.49,3.47,8.17,2.72,1.17,1.34,0.45,14,40,13.33,2,4,1.33,0,0.34
172,4,12/17/2002 22:40,12/18/2002 16:20,1,0.347,0.408,0.366,0.304,0.212,0.118,0.459,17.667,0.02,0,0,0,53,27,37,NA,0.4,U,P,S,M,2,,12/17/2002,12/20/2002,12,2002,2.55,9.34,2.34,0.44,0.74,0.19,0.95,3.48,0.87,0.17,0.26,0.07,8.88,32.51,8.13,1.06,1.96,0.49,NA,NA
173,4,,,,,,,,,,,,,,,,46,19,32,0,0,Z,0,0,M,6,,12/29/2002,1/1/2003,12,2002,2.3,8.89,2.22,0.33,0.87,0.22,0.92,3.54,0.89,0.13,0.36,0.09,8.25,31.8,7.95,0.45,0.92,0.23,NA,NA
174,4,,,,,,,,,,,,,,,,55,12,37,0.02,0.5,Z,P,S,M,6,,1/7/2003,1/10/2003,1,2003,2.12,7.98,2,0.21,0.38,0.1,0.88,3.33,0.83,0.08,0.15,0.04,7.72,29.17,7.29,0.83,1.92,0.48,NA,NA
175,2,,,,,,,,,,,,,,,,39,6,22,0.02,0.2,Z,P,S,M,6,,1/12/2003,1/13/2003,1,2003,1.9,3.74,1.87,0.17,0.28,0.14,0.81,1.6,0.8,0.07,0.12,0.06,7,13.81,6.9,0.4,0.61,0.3,NA,NA
176,4,2/2/2003 4:00,2/3/2003 4:35,1,0.188,0.12,0.096,0.084,0.062,0.038,0.05,24.583,0.008,0.004,0.046,0.063,36,29,33,0.65,2.5,1,P,S,M,2,10.00%,1/31/2003,2/3/2003,1,2003,1.62,6.31,1.58,0.12,0.33,0.08,0.66,2.58,0.65,0.05,0.14,0.04,7.25,27.8,6.95,0.54,1.34,0.34,0.1,0.29
177,2,,,,,,,,,,,,,,,,20,2,13,0.1,1.4,1,P,S,M,3,,2/5/2003,2/6/2003,2,2003,1.65,3.14,1.57,0.23,0.3,0.15,0.67,1.27,0.64,0.1,0.13,0.07,7.52,14.35,7.18,0.69,0.69,0.35,NA,NA
178,4,,,,,,,,,,,,,,,,55,17,37,0.03,0,3,P,0,M,5,,2/18/2003,2/21/2003,2,2003,358,699.78,174.95,250,481.16,120.29,116,155.96,38.99,108.92,140.78,35.2,25.64,65.2,16.3,18.36,37.06,9.27,NA,NA
179,2,,,,,,,,,,,,,,,,23,4,12,0.06,0.2,U,P,S,M,3,,2/23/2003,2/24/2003,2,2003,27.8,40.9,20.45,20.63,26.56,13.28,3.42,5.85,2.93,1.68,2.37,1.19,8.35,15.93,7.97,0.77,0.77,0.39,NA,NA
180,4,,,,,,,,,,,,,,,,31,1,18,NA,1.8,1.5,P,S,M,3,10.00%,3/5/2003,3/8/2003,3,2003,4.47,17.52,4.38,0.36,0.92,0.23,0.4,1.58,0.4,0.03,0.08,0.02,7.89,30.9,7.72,0.43,1.09,0.27,0.15,0.15
181,4,,,,,,,,,,,,,,,,72,24,51,0.14,0,U,P,0,M,3,,3/14/2003,3/17/2003,3,2003,1800,4059,1014.75,1794.7,4026.6,1006.65,721,1420.7,355.18,720.55,1417.08,354.27,75.3,198.53,49.63,66.83,133.66,33.41,NA,NA
182,5,3/19/2003 11:50,3/21/2003 12:40,2,0.524,0.132,0.12,0.116,0.106,0.091,0.244,48.833,0.011,0,0.067,0.067,71,30,43,0.55,0,0,P,0,0,1,,3/19/2003,3/23/2003,3,2003,56,115.58,23.12,43.6,65.24,13.05,19.7,33.19,6.64,17.21,23.96,4.79,20.9,74.54,14.91,8.95,15.03,3.01,0,0.52
183,3,3/27/2003 2:05,3/28/2003 14:15,1,1.106,0.192,0.18,0.176,0.152,0.138,0.906,36.167,0.031,0,0,0,52,29,40,1.51,0,0,P,0,0,1,,3/27/2003,3/29/2003,3,2003,199,382.8,127.6,192.78,371.32,123.77,75.3,125.25,41.75,74.65,122.22,40.74,31.73,76.61,25.54,17.09,32.69,10.9,0,1.11
184,1,4/10/2003 12:10,4/10/2003 12:35,1,0.162,0.408,0.408,0.396,-9,-9,-9,0.417,0.389,0,0.009,0.023,65,31,48,0,0,0,P,0,0,1,,4/10/2003,4/10/2003,4,2003,1.73,1.73,1.73,0.06,0.06,0.06,0.16,0.16,0.16,0.01,0.01,0.01,8.43,8.43,8.43,0,0.27,0.14,0,0.16
185,3,4/15/2003 22:25,4/17/2003 16:20,2,1.343,0.744,0.564,0.464,0.374,0.278,2.912,41.917,0.032,0,0,0,87,33,59,1.18,0,0,P,0,0,1,,4/15/2003,4/17/2003,4,2003,81.8,115.73,38.58,79.87,109.94,36.65,42.7,58.19,19.4,42.51,57.62,19.21,23.39,50.57,16.86,14.97,19.85,6.62,0,1.34
186,5,4/18/2003 18:15,4/20/2003 12:20,2,0.719,0.444,0.42,0.396,0.318,0.229,1.003,42.083,0.017,0,1.343,1.343,64,33,48,1.06,0,0,P,0,0,1,,4/18/2003,4/22/2003,4,2003,29,82.92,16.58,18,42.5,8.5,14,35.28,7.06,10.7,23.2,4.64,17.92,74.59,14.92,6.38,12.21,2.44,0,0.72
187,4,5/4/2003 15:15,5/7/2003 12:10,2,1.296,0.276,0.264,0.252,0.214,0.155,1.414,68.917,0.019,0,0,0.015,69,41,56,1.33,0,0,P,0,0,1,,5/4/2003,5/7/2003,5,2003,21.5,33.55,8.39,19.74,26.05,6.51,6.77,9.94,2.49,6.3,7.7,1.93,16.84,49.25,12.31,5.71,7.73,1.93,0,1.3
188,5,5/8/2003 17:15,5/12/2003 15:45,1,2.123,0.684,0.426,0.312,0.202,0.176,2.504,94.5,0.022,0.002,0.164,1.298,67,44,56,1.87,0,0,P,0,0,1,,5/8/2003,5/12/2003,5,2003,99.6,131.97,26.39,95.92,110.6,22.12,59.3,70.01,14,57.58,62.83,12.57,26.01,76.56,15.31,13.48,22.28,4.46,0,2.12
189,3,5/14/2003 4:15,5/15/2003 15:05,1,1.165,0.324,0.324,0.3,0.276,0.234,1.935,34.833,0.033,0,0.788,1.643,75,47,62,0.86,0,0,P,0,0,1,,5/14/2003,5/16/2003,5,2003,57.3,83.82,27.94,48.96,70.04,23.35,22.6,25.69,8.56,21.23,22.82,7.61,21.94,50.46,16.82,9.03,11.73,3.91,0,1.17
190,4,5/19/2003 15:05,5/20/2003 7:45,1,0.207,0.396,0.336,0.308,0.17,0.096,0.207,16.667,0.012,0,0,0.106,76,39,58,0.5,0,0,P,0,0,1,,5/19/2003,5/22/2003,5,2003,3.9,10.82,2.71,1.34,1.68,0.42,0.87,2.5,0.63,0.2,0.38,0.1,11.08,40.97,10.24,0.87,1.02,0.26,0,0.21
191,1,5/28/2003 2:20,5/28/2003 9:25,1,0.132,0.468,0.42,0.324,0.174,0.093,0.147,7.083,0.019,0,0,0,80,59,70,0.05,0,0,P,0,0,1,,5/28/2003,5/28/2003,5,2003,1.56,1.56,1.56,0.13,0.13,0.13,0.19,0.19,0.19,0.03,0.03,0.03,7.99,7.99,7.99,0.19,0.18,0.09,0,0.13
192,2,5/30/2003 2:50,5/30/2003 22:30,1,0.246,0.228,0.168,0.136,0.098,0.078,0.126,19.667,0.013,0,0.132,0.132,82,48,64,0.39,0,0,P,0,0,1,,5/30/2003,5/31/2003,5,2003,1.51,2.87,1.44,0.25,0.35,0.18,0.15,0.28,0.14,0.04,0.06,0.03,8.09,15.56,7.78,0.62,0.62,0.31,0,0.25
193,3,6/6/2003 4:50,6/8/2003 18:35,2,1.486,1.2,1.014,0.896,0.638,0.369,4.568,61.75,0.024,0,0.006,0.006,72,56,64,1.44,0,0,P,0,0,1,,6/6/2003,6/8/2003,6,2003,8.4,11.8,3.93,6,6.86,2.29,2.5,3.24,1.08,1.94,2.5,0.83,13.04,30.03,10.01,4.54,6.03,2.01,0,1.49
194,3,6/10/2003 0:15,6/10/2003 9:15,1,0.71,0.648,0.57,0.512,0.366,0.227,1.866,9,0.079,0.003,0.932,1.495,77,53,67,0.76,0,0,P,0,0,1,,6/10/2003,6/12/2003,6,2003,8.4,13.52,4.51,6,6.52,2.17,2.5,3.63,1.21,1.94,2.37,0.79,12.95,31.57,10.52,4.04,4.84,1.61,0,0.71
195,3,6/24/2003 4:10,6/25/2003 13:25,2,0.729,1.368,1.254,1.092,0.7,0.417,3.139,33.25,0.022,0.009,0.009,0.009,91,55,75,0.78,0,0,P,0,0,1,,6/24/2003,6/26/2003,6,2003,3.32,9.91,3.3,0.69,1.59,0.53,0.88,2.63,0.88,0.2,0.43,0.14,7.83,22.77,7.59,1.57,3.17,1.06,0,0.73
196,2,7/3/2003 3:05,7/4/2003 10:40,2,1.153,2.592,2.568,2.14,1.302,0.749,10.427,31.583,0.037,0,0,0.058,88,66,78,1.5,0,0,P,0,0,1,,7/3/2003,7/4/2003,7,2003,6.5,11.8,5.9,3.5,5.8,2.9,2.1,4.1,2.05,1.22,2.34,1.17,8.76,16.63,8.32,3.02,4.47,2.24,0,1.15
197,3,7/6/2003 6:55,7/7/2003 7:15,2,0.408,0.828,0.672,0.556,0.388,0.218,0.905,24.333,0.017,0,0.331,1.153,87,62,75,0.23,0,0,P,0,0,1,,7/6/2003,7/8/2003,7,2003,4.7,12.4,4.13,0.9,1.1,0.37,1.06,2.95,0.98,0.12,0.18,0.06,7.44,20.67,6.89,0.96,1.29,0.43,0,0.41
198,4,7/9/2003 21:10,7/11/2003 2:15,1,0.114,0.12,0.108,0.08,0.044,0.036,0.024,29.083,0.004,0.046,0.291,0.47,83,56,69,0.72,0,0,P,0,0,1,,7/9/2003,7/12/2003,7,2003,3.9,15,3.75,0.3,0.6,0.15,0.92,3.51,0.88,0.1,0.17,0.04,6.77,26.09,6.52,0.52,0.86,0.22,0,0.11
199,2,7/31/2003 8:55,8/1/2003 5:20,1,0.191,0.324,0.258,0.188,0.102,0.065,0.117,20.417,0.009,0.102,0.102,0.102,NA,70,NA,NA,NA,0,P,0,0,1,,7/31/2003,8/1/2003,7,2003,1.82,3.58,1.79,0.04,0.08,0.04,0.5,0.98,0.49,0.02,0.03,0.02,5.74,11.4,5.7,0.31,0.54,0.27,0,0.19
200,2,8/2/2003 14:00,8/2/2003 15:15,1,0.155,0.432,0.336,0.268,0.236,0.147,0.252,1.25,0.124,0,0.347,0.347,NA,NA,NA,NA,NA,0,P,0,0,1,,8/2/2003,8/3/2003,8,2003,1.92,3.7,1.85,0.14,0.14,0.07,0.53,1.02,0.51,0.04,0.04,0.02,5.71,11.14,5.57,0.31,0.31,0.15,0,0.16
201,2,8/6/2003 13:20,8/6/2003 16:40,1,0.116,0.588,0.504,0.388,0.202,0.103,0.177,3.333,0.035,0,0.003,0.211,NA,NA,NA,NA,NA,0,P,0,0,1,,8/6/2003,8/7/2003,8,2003,2.14,4.24,2.12,0.22,0.26,0.13,0.59,1.17,0.59,0.06,0.06,0.03,5.8,11.34,5.67,0.52,0.78,0.39,0,0.12
202,2,8/25/2003 10:55,8/25/2003 16:50,1,0.164,0.9,0.6,0.436,0.234,0.14,0.279,5.917,0.028,0,0,0,NA,NA,NA,NA,NA,0,P,0,0,1,,8/25/2003,8/26/2003,8,2003,1.54,3.08,1.54,0.2,0.4,0.2,0.14,0.27,0.14,0.04,0.07,0.04,5.12,10.06,5.03,0.84,1.5,0.75,0,0.16
203,2,9/12/2003 4:20,9/12/2003 10:25,1,0.632,0.54,0.498,0.444,0.366,0.277,1.538,6.083,0.104,0,0,0,83,62,70,0.79,0,0,P,0,0,1,,9/12/2003,9/13/2003,9,2003,1.57,3.01,1.51,0.2,0.27,0.14,0.1,0.2,0.1,0.01,0.02,0.01,5.48,10.53,5.26,1.56,2.69,1.34,0,0.63
204,2,9/18/2003 16:25,9/19/2003 3:15,1,1.748,1.548,1.152,0.904,0.722,0.612,9.714,10.833,0.161,0,0,0.03,82,48,64,2.03,0,0,P,0,0,1,,9/18/2003,9/19/2003,9,2003,14.3,18.03,9.02,12.98,15.39,7.7,2.87,3.41,1.71,2.78,3.23,1.62,9.9,15.51,7.75,5.49,6.69,3.34,0,1.75
205,3,9/26/2003 15:00,9/27/2003 5:10,1,0.157,0.216,0.192,0.164,0.122,0.09,0.101,14.167,0.011,0.009,0.009,0.017,60,46,52,0.08,0,0,P,0,0,1,,9/26/2003,9/28/2003,9,2003,1.4,4.07,1.36,0.15,0.33,0.11,0.1,0.29,0.1,0.01,0.03,0.01,5.29,15.38,5.13,0.27,0.32,0.11,0,0.16
206,3,10/3/2003 4:05,10/3/2003 15:55,1,0.103,0.096,0.078,0.076,0.068,0.055,0.034,11.833,0.009,NA,NA,NA,68,37,52,0.04,0,0,P,0,0,1,,10/3/2003,10/5/2003,10,2003,1.33,3.9,1.3,0.07,0.12,0.04,0.16,0.42,0.14,0.04,0.06,0.02,5.18,15.26,5.09,0.36,0.65,0.22,0,0.1
207,3,10/11/2003 15:40,10/12/2003 23:00,1,0.659,1.308,1.188,0.94,0.69,0.417,3.296,31.333,0.021,0,0,0,73,46,60,0.33,0,0,P,0,0,1,,10/11/2003,10/13/2003,10,2003,2.2,6.3,2.1,0.54,1.04,0.35,0.44,1.26,0.42,0.13,0.22,0.07,6.8,19.6,6.53,0.6,1,0.33,0,0.66
208,4,11/3/2003 12:50,11/4/2003 14:55,1,0.542,0.216,0.216,0.2,0.156,0.112,0.404,26.083,0.021,0,0.004,0.085,42,18,35,1.01,0.7,U,P,S,M,2,,11/3/2003,11/6/2003,11,2003,1.71,5.62,1.41,0.51,0.84,0.21,0.35,1.14,0.29,0.1,0.16,0.04,7.52,24.8,6.2,2,2.96,0.74,NA,NA
209,1,11/12/2003 7:55,11/12/2003 17:45,1,0.15,0.12,0.108,0.104,0.088,0.053,0.064,9.833,0.015,0.003,0.006,0.006,50,34,42,0.42,0,0,P,0,0,1,,11/12/2003,11/12/2003,11,2003,1.2,1.2,1.2,0.04,0.04,0.04,0.23,0.23,0.23,0.01,0.01,0.01,5.68,5.68,5.68,0.47,0.69,0.34,0,0.15
210,5,11/17/2003 12:20,11/18/2003 8:20,1,0.296,0.252,0.222,0.212,0.162,0.087,0.259,20,0.015,0,0.072,0.27,63,32,48,0.77,0,0,P,0,0,1,,11/17/2003,11/21/2003,11,2003,1.31,5.92,1.18,0.2,0.39,0.08,0.24,1.07,0.21,0.04,0.07,0.01,6.62,30.13,6.03,1.15,1.79,0.36,0,0.3
211,3,11/22/2003 18:45,11/23/2003 14:25,1,0.227,0.132,0.126,0.124,0.106,0.062,0.122,19.667,0.012,0,0,0.298,36,14,28,NA,0,0,P,0,0,1,,11/22/2003,11/24/2003,11,2003,1.33,3.65,1.22,0.14,0.17,0.06,0.24,0.66,0.22,0.03,0.04,0.01,7.02,19.26,6.42,1.26,1.98,0.66,0,0.23
212,2,,,,,,,,,,,,,,,,39,30,35,0,0,2,0,0,M,5,,12/6/2003,12/7/2003,12,2003,0.97,1.93,0.97,0.01,0.01,0.01,0.17,0.34,0.17,0,0,0,5.71,11.3,5.65,0.07,0.08,0.04,NA,NA
213,5,12/8/2003 12:00,12/9/2003 22:30,2,0.338,0.144,0.138,0.14,0.13,0.112,0.16,34.5,0.01,0,0.054,0.063,39,-2,24,0.71,NA,0.8,P,S,M,2,10.00%,12/8/2003,12/12/2003,12,2003,1.09,5.05,1.01,0.16,0.32,0.06,0.19,0.88,0.18,0.03,0.06,0.01,6.55,30.32,6.06,1.29,3.12,0.62,0.08,0.42
214,3,,,,,,,,,,,,,,,,32,21,27,0.21,0.8,4,P,S,M,3,10.00%,12/14/2003,12/16/2003,12,2003,0.96,2.77,0.92,0.08,0.13,0.04,0.17,0.48,0.16,0.02,0.03,0.01,6.07,17.34,5.78,0.76,1.47,0.49,0.4,0.4
215,2,,,,,,,,,,,,,,,,31,16,24,0.02,0.2,1,P,S,M,3,10.00%,12/18/2003,12/19/2003,12,2003,0.96,1.9,0.95,0.05,0.08,0.04,0.17,0.33,0.17,0.01,0.01,0.01,6.09,12.09,6.04,0.2,0.3,0.15,0.1,0.1
216,5,,,,,,,,,,,,,,,,44,9,27,0,0,1,0,0,M,5,10.00%,12/21/2003,12/25/2003,12,2003,0.98,4.89,0.98,0.03,0.05,0.01,0.23,1.05,0.21,0.02,0.06,0.01,6.1,30.26,6.05,0.1,0.26,0.05,0.1,0.1
217,5,,,,,,,,,,,,,,,,49,18,35,0.08,0.1,3,P,S,M,3,10.00%,12/26/2003,12/30/2003,12,2003,1.31,5.7,1.14,0.26,0.65,0.13,0.35,1.52,0.3,0.09,0.16,0.03,7.85,34.26,6.85,1.66,3.69,0.74,0.3,0.3
218,4,,,,,,,,,,,,,,,,44,15,29,0.1,0,U,P,0,M,3,,12/31/2003,1/3/2004,12,2003,1.01,3.9,0.98,0.06,0.1,0.03,0.33,1.26,0.32,0.02,0.04,0.01,5.89,22.79,5.7,0.42,0.86,0.21,NA,NA
219,4,,,,,,,,,,,,,,,,43,17,30,0,0,Z,0,0,M,6,10.00%,1/11/2004,1/14/2004,1,2004,0.97,3.83,0.96,0.04,0.13,0.03,0.51,1.97,0.49,0.05,0.11,0.03,5.35,21.04,5.26,0.16,0.22,0.05,NA,NA
220,3,,,,,,,,,,,,,,,,33,-3,17,0.15,0,U,P,0,M,3,,1/17/2004,1/19/2004,1,2004,1.6,3.62,1.21,0.71,0.98,0.33,0.89,2.03,0.68,0.41,0.59,0.2,5.21,15.26,5.09,0.2,0.45,0.15,NA,NA
221,2,,,,,,,,,,,,,,,,36,-8,15,0,0,Z,0,0,M,6,,1/21/2004,1/22/2004,1,2004,2,2.9,1.45,1.15,1.19,0.6,1.1,1.61,0.81,0.61,0.64,0.32,5.3,10.5,5.25,0.16,0.22,0.11,NA,NA
222,4,,,,,,,,,,,,,,,,23,-12,7,0.31,5.2,3,P,S,M,3,10.00%,1/26/2004,1/29/2004,1,2004,0.92,3.64,0.91,0.06,0.12,0.03,0.55,2.18,0.55,0.02,0.06,0.02,5.82,22.94,5.73,0.19,0.38,0.09,0.3,0.3
223,3,,,,,,,,,,,,,,,,29,5,18,0.43,2.7,0.4,P,S,M,3,10.00%,2/1/2004,2/3/2004,2,2004,0.87,2.55,0.85,0.04,0.08,0.03,0.55,1.61,0.54,0.03,0.06,0.02,5.81,17.01,5.67,0.4,0.69,0.23,0.04,0.04
224,3,,,,,,,,,,,,,,,,31,14,24,0.41,4.4,1.9,P,S,M,3,10.00%,2/5/2004,2/7/2004,2,2004,0.81,2.37,0.79,0.04,0.08,0.03,0.52,1.53,0.51,0.02,0.04,0.01,5.61,16.51,5.5,0.21,0.31,0.1,0.19,0.19
225,2,,,,,,,,,,,,,,,,29,10,21,NA,0.8,0.6,P,S,M,3,10.00%,2/9/2004,2/10/2004,2,2004,0.73,1.45,0.73,0.02,0.03,0.02,0.48,0.96,0.48,0,0,0,5.22,10.43,5.21,0.02,0.03,0.01,0.06,0.06
226,3,,,,,,,,,,,,,,,,31,7,20,0.05,0.5,1.2,P,S,M,3,10.00%,2/11/2004,2/13/2004,2,2004,0.71,2.06,0.69,0.02,0.03,0.01,0.48,1.41,0.47,0.01,0.01,0,5.17,15.28,5.09,0.14,0.19,0.06,0.12,0.12
227,10,2/19/2004 11:00,2/23/2004 11:15,2,0.321,0.072,0.054,0.052,0.044,0.038,0.056,96.25,0.003,0.089,0.113,0.113,44,17,33,0.51,0.3,6.1,P,S,M,2,10.00%,2/17/2004,2/26/2004,2,2004,1.1,8.63,0.86,0.16,0.45,0.05,0.45,3.9,0.39,0.04,0.09,0.01,5.57,52.89,5.29,0.21,0.91,0.09,0.61,0.93
228,5,2/29/2004 22:30,3/1/2004 2:10,1,0.177,0.228,0.204,0.176,0.174,0.14,0.189,3.667,0.048,0,0,0,53,23,42,0.35,0,4,P,0,M,2,10.00%,2/27/2004,3/2/2004,2,2004,1170,1491.8,298.36,1117,1382.2,276.44,450,497.84,99.57,446.35,489.52,97.9,71.71,135.7,27.14,58.02,83.49,16.7,0.4,0.58
229,3,3/4/2004 21:50,3/7/2004 6:10,2,0.88,0.132,0.108,0.088,0.086,0.071,0.321,56.333,0.016,0.014,0.055,0.24,40,29,37,1.65,1.6,0.6,P,0,M,2,15.00%,3/4/2004,3/7/2004,3,2004,62,148,37,44,87.6,21.9,7.7,17.32,4.33,5.48,10.15,2.54,17.82,57.46,14.36,7.71,20.16,5.04,0.09,0.97
230,4,3/9/2004 3:50,3/10/2004 20:05,2,0.25,0.12,0.084,0.088,0.068,0.056,0.074,40.25,0.006,0.04,0.367,0.92,51,10,33,0.25,1,1,P,S,M,2,,3/8/2004,3/11/2004,3,2004,198,313.6,78.4,190.76,286.32,71.58,60.3,72.51,18.13,59.7,70.29,17.57,29.84,65.18,16.29,20.68,30.48,7.62,NA,NA
231,2,,,,,,,,,,,,,,,,43,23,35,0.12,0,U,P,0,M,3,,3/13/2004,3/14/2004,3,2004,4.91,9.57,4.79,2.03,3.81,1.91,0.78,1.33,0.67,0.44,0.65,0.33,8.28,15.69,7.84,0.88,0.89,0.44,NA,NA
232,4,3/17/2004 10:25,3/18/2004 13:20,2,0.375,0.204,0.186,0.168,0.134,0.104,0.212,26.917,0.014,0.01,0.01,0.092,53,26,40,0.31,2.1,U,P,S,M,2,,3/17/2004,3/20/2004,3,2004,611,808,202,593,750,187.5,68.9,101.83,25.46,67.84,97.87,24.47,45.02,98.4,24.6,28.49,42.52,10.63,0,0.38
233,4,3/25/2004 15:55,3/26/2004 0:50,1,0.371,0.288,0.27,0.26,0.2,0.145,0.466,8.917,0.042,0,0,0,67,31,52,0.52,0,U,P,0,M,2,,3/23/2004,3/26/2004,3,2004,92,268,67,82.6,218,54.5,12,34.4,8.6,11.46,31.32,7.83,21.19,74.01,18.5,6.11,10.58,2.64,NA,NA
234,3,3/27/2004 20:05,3/28/2004 1:25,1,0.136,0.144,0.096,0.088,0.068,0.052,0.048,5.333,0.025,0,0.371,0.371,63,41,52,1.02,0,0,P,0,0,1,,3/27/2004,3/29/2004,3,2004,16.1,44.6,14.87,5.9,8.6,2.87,1,2.61,0.87,0.43,0.59,0.2,15.59,43.09,14.36,2.55,3.97,1.32,0,0.14
235,2,,,,,,,,,,,,,,,,57,28,42,0,0,Z,0,0,M,6,,3/31/2004,4/1/2004,3,2004,7.57,13.54,6.77,2.79,3.98,1.99,0.39,0.7,0.35,0.13,0.18,0.09,10.35,20.11,10.05,0.59,0.59,0.29,NA,NA
236,2,,,,,,,,,,,,,,,,59,30,45,0,0,Z,0,0,M,6,,4/3/2004,4/4/2004,4,2004,3.72,6.71,3.36,1.31,1.89,0.95,0.2,0.37,0.19,0.06,0.09,0.05,8.66,16.98,8.49,0.34,0.34,0.17,NA,NA
237,2,,,,,,,,,,,,,,,,69,36,57,0,0,Z,0,0,M,6,,4/6/2004,4/7/2004,4,2004,2,3.56,1.78,0.69,0.94,0.47,0.12,0.21,0.11,0.04,0.05,0.03,7.93,15.32,7.66,0.53,0.52,0.26,NA,NA
238,2,4/16/2004 16:15,4/17/2004 3:40,1,0.108,0.18,0.15,0.14,0.102,0.086,0.064,11.417,0.009,0,0,0,84,50,67,0.02,0,0,P,0,0,1,,4/16/2004,4/17/2004,4,2004,1.29,2.57,1.29,0.03,0.05,0.03,0.09,0.18,0.09,0,0,0,6.11,12.13,6.07,0.01,0,0,0,0.11
239,5,4/18/2004 22:05,4/20/2004 20:55,2,1.082,0.828,0.732,0.64,0.47,0.437,2.675,46.833,0.023,0,0.108,0.108,83,39,57,1.32,0,0,P,0,0,1,,4/18/2004,4/22/2004,4,2004,7.8,22.62,4.52,6.39,15.81,3.16,1.1,3.05,0.61,0.99,2.53,0.51,9.37,39.83,7.97,3.07,6.35,1.27,0,1.08
240,5,4/24/2004 21:25,4/25/2004 11:25,1,0.418,0.18,0.156,0.152,0.14,0.118,0.322,14,0.03,0,0,0.531,87,30,53,0.49,0,0,P,0,0,1,,4/24/2004,4/28/2004,4,2004,1.7,7.28,1.46,0.35,0.73,0.15,0.14,0.59,0.12,0.03,0.06,0.01,7.15,30.61,6.12,1.48,2.02,0.4,0,0.42
241,2,5/7/2004 20:15,5/8/2004 5:35,1,0.618,0.576,0.504,0.4,0.374,0.28,1.645,9.333,0.066,0,0.002,0.002,77,43,58,1.52,0,0,P,0,0,1,,5/7/2004,5/8/2004,5,2004,1.51,2.63,1.32,0.39,0.39,0.2,0.12,0.21,0.11,0.03,0.03,0.02,6.34,11.05,5.53,0.79,0.91,0.46,0,0.62
242,3,5/9/2004 20:40,5/10/2004 1:05,1,1.31,2.04,1.536,1.344,1.126,0.764,12.381,4.417,0.297,0,0.618,0.62,86,50,70,1.2,0,0,P,0,0,1,,5/9/2004,5/11/2004,5,2004,116,135.05,45.02,114.65,131,43.67,26.6,27.11,9.04,26.49,26.78,8.93,13.27,26,8.67,7.72,8.01,2.67,0,1.31
243,5,5/12/2004 14:40,5/13/2004 14:45,2,2.058,2.472,1.974,1.728,1.02,0.738,16.924,24.083,0.085,0,1.32,1.938,78,35,58,2.59,0,0,P,0,0,1,,5/12/2004,5/16/2004,5,2004,368,396.37,79.27,363.33,376.36,75.27,187,194.63,38.93,186.67,191.96,38.39,33.04,69.1,13.82,26.15,31.83,6.37,0,2.06
244,2,5/19/2004 20:35,5/20/2004 4:10,1,1.985,3.024,2.718,2.356,2.084,1.479,39.035,7.583,0.262,0,0.007,0.012,79,47,68,0.07,0,0,P,0,0,1,,5/19/2004,5/20/2004,5,2004,2440,2441.49,1220.75,2438.51,2438.51,1219.26,965,965.38,482.69,964.62,964.62,482.31,51.88,57.88,28.94,32.5,32.5,16.25,0,1.99
245,5,5/21/2004 4:45,5/24/2004 2:40,2,1.999,0.456,0.372,0.352,0.338,0.297,4.352,69.917,0.029,0,1.985,1.992,77,45,61,2.62,0,0,P,0,0,1,,5/21/2004,5/25/2004,5,2004,187,515,103,110,226,45.2,69,177,35.4,44,86,17.2,25,101,20.2,6.71,14.69,2.94,0,2
246,1,5/27/2004 2:00,5/27/2004 8:40,1,0.357,1.2,0.996,0.884,0.55,0.335,1.573,6.667,0.054,0,0.049,1.103,72,58,65,0.15,0,0,P,0,0,1,,5/27/2004,5/27/2004,5,2004,36,36,36,14,14,14,10,10,10,3.9,3.9,3.9,15.27,15.27,15.27,2.1,3.14,1.57,0,0.36
247,3,5/29/2004 1:50,5/31/2004 1:10,2,2.257,1.788,1.764,1.684,1.282,0.821,18.138,47.333,0.048,0,0.357,0.406,73,53,63,2.36,0,0,P,0,0,1,,5/29/2004,5/31/2004,5,2004,720,1007,335.67,703.1,951.2,317.07,349,432.7,144.23,342.72,414.04,138.01,37.46,84.23,28.08,15.76,19.13,6.38,0,2.26
248,5,6/8/2004 18:50,6/12/2004 6:40,3,4.83,4.14,3.792,3.512,2.726,2.05,91.785,83.833,0.058,0,0,0.027,90,54,70,4.89,0,0,P,0,0,1,,6/8/2004,6/12/2004,6,2004,3350,3566,713.2,3334,3486,697.2,1590,1658.43,331.69,1581.77,1623.14,324.63,139.68,238.64,47.73,128.36,140.7,28.14,0,4.83
249,3,6/16/2004 15:40,6/17/2004 3:35,1,1.188,1.536,1.506,1.488,1.166,0.712,11.046,11.917,0.1,0,0,0.392,83,57,71,1.12,0,0,P,0,0,1,,6/16/2004,6/18/2004,6,2004,164,252.5,84.17,160.54,229.06,76.35,77.9,95.6,31.87,77.19,91.79,30.6,25.49,61.02,20.34,10.22,15.21,5.07,0,1.19
250,2,6/23/2004 18:05,6/23/2004 18:35,1,0.195,1.128,1.122,0.76,0.39,-9,0.692,0.5,0.39,0,0,0,78,48,65,0.3,0,0,P,0,0,1,,6/23/2004,6/24/2004,6,2004,4.32,8.32,4.16,0.92,1.52,0.76,0.63,1.2,0.6,0.17,0.28,0.14,11.7,23.36,11.68,0.04,0.04,0.02,0,0.2
251,1,6/27/2004 12:45,6/27/2004 17:40,1,0.179,0.3,0.288,0.252,0.186,0.126,0.196,4.917,0.036,0,0,0.271,73,53,63,0.16,0,0,P,0,0,1,,6/27/2004,6/27/2004,6,2004,2.87,2.87,2.87,0.29,0.29,0.29,0.37,0.37,0.37,0.05,0.05,0.05,10.72,10.72,10.72,0.37,0.37,0.19,0,0.18
252,2,7/3/2004 12:50,7/4/2004 6:15,1,0.528,1.14,0.858,0.72,0.43,0.228,1.676,17.417,0.03,0,0,0,84,66,76,0.72,0,0,P,0,0,1,,7/3/2004,7/4/2004,7,2004,2.38,4.54,2.27,0.53,0.84,0.42,0.62,1.2,0.6,0.41,0.78,0.39,10.24,20.06,10.03,0.89,1.49,0.75,0,0.53
253,3,7/5/2004 22:00,7/7/2004 8:00,2,1.172,0.636,0.606,0.6,0.504,0.415,3.341,34,0.034,0,0.584,0.584,82,55,66,2.66,0,0,P,0,0,1,,7/5/2004,7/7/2004,7,2004,5.6,11.57,3.86,3.23,4.46,1.49,1.8,3.19,1.06,1.51,2.32,0.77,14.42,36.49,12.16,4.79,6.96,2.32,0,1.17
254,5,7/11/2004 9:40,7/11/2004 19:00,1,0.235,0.252,0.246,0.244,0.218,0.182,0.329,9.333,0.025,0,0,0.269,87,61,75,0.24,0,0,P,0,0,1,,7/11/2004,7/15/2004,7,2004,3.95,18.89,3.78,0.41,0.83,0.17,0.62,2.88,0.58,0.04,0.13,0.03,10.49,48.47,9.69,0.78,2.19,0.44,0,0.24
255,1,7/21/2004 3:05,7/21/2004 11:55,1,0.281,0.624,0.558,0.412,0.22,0.115,0.395,8.833,0.032,0,0.011,0.011,89,70,80,1.68,0,0,P,0,0,1,,7/21/2004,7/21/2004,7,2004,3.25,3.25,3.25,0.27,0.27,0.27,0.56,0.56,0.56,0.04,0.04,0.04,8.47,8.47,8.47,0.53,0.54,0.27,0,0.28
256,2,7/29/2004 2:25,7/29/2004 8:00,1,0.282,0.408,0.312,0.256,0.198,0.18,0.358,5.583,0.051,0,0,0,82,61,73,0.3,0,0,P,0,0,1,,7/29/2004,7/30/2004,7,2004,2.39,4.64,2.32,0.2,0.26,0.13,0.46,0.9,0.45,0.03,0.04,0.02,7.5,14.67,7.34,0.41,0.49,0.25,0,0.28
257,4,8/2/2004 9:20,8/3/2004 23:15,2,0.841,2.7,2.46,2.056,1.262,0.645,8.275,37.917,0.022,0.001,0.027,0.309,85,55,73,2.07,0,0,P,0,0,1,,8/2/2004,8/5/2004,8,2004,3.5,9.65,2.41,1.38,1.83,0.46,0.49,1.72,0.43,0.07,0.16,0.04,8.28,29.52,7.38,1.3,2.68,0.67,0,0.84
258,1,8/7/2004 7:45,8/7/2004 17:25,1,0.117,0.132,0.108,0.104,0.08,0.057,0.048,9.667,0.012,0,0.002,0.843,79,59,69,0.07,0,0,P,0,0,1,,8/7/2004,8/7/2004,8,2004,1.83,1.83,1.83,0.02,0.02,0.02,0.37,0.37,0.37,0,0,0,6.64,6.64,6.64,0.24,0.24,0.12,0,0.12
259,4,8/8/2004 23:55,8/9/2004 17:00,1,0.26,0.612,0.504,0.432,0.246,0.125,0.444,17.083,0.015,0.002,0.119,0.121,85,49,67,0.23,0,0,P,0,0,1,,8/8/2004,8/11/2004,8,2004,1.85,7.22,1.81,0.06,0.14,0.04,0.38,1.48,0.37,0.04,0.08,0.02,6.91,27.2,6.8,0.27,0.4,0.1,0,0.26
260,2,8/16/2004 3:00,8/16/2004 17:40,1,1.02,0.372,0.354,0.332,0.326,0.251,2.079,14.667,0.07,0,0,0.049,78,57,67,1.32,0,0,P,0,0,1,,8/16/2004,8/17/2004,8,2004,3.8,6.4,3.2,1.88,2.56,1.28,0.51,0.83,0.42,0.28,0.37,0.19,8.58,15.93,7.97,2.52,3.81,1.91,0,1.02
261,3,8/18/2004 13:15,8/18/2004 13:55,1,0.134,0.912,0.624,0.528,0.264,-9,0.295,0.667,0.201,0,1.028,1.028,80,46,63,0.01,0,0,P,0,0,1,,8/18/2004,8/20/2004,8,2004,1.92,5.65,1.88,0.09,0.13,0.04,0.23,0.63,0.21,0.03,0.04,0.01,6.91,20.12,6.71,0.43,0.68,0.23,0,0.13
262,2,8/26/2004 19:05,8/27/2004 0:50,1,0.286,1.86,1.518,1.072,0.54,0.28,1.437,5.75,0.05,0,0,0.019,90,63,77,0.42,0,0,P,0,0,1,,8/26/2004,8/27/2004,8,2004,1.8,3.6,1.8,0,0,0,0.14,0.27,0.14,0.01,0.01,0.01,6.35,12.57,6.29,0.2,0.2,0.1,0,0.29
263,4,8/29/2004 18:50,8/30/2004 7:50,1,0.434,0.636,0.6,0.552,0.446,0.327,1.376,13,0.033,0.04,0.369,0.369,86,55,69,0.57,0,0,P,0,0,1,,8/29/2004,9/1/2004,8,2004,1.92,6.89,1.72,0.23,0.37,0.09,0.16,0.57,0.14,0.03,0.03,0.01,7.21,26.12,6.53,0.88,0.98,0.25,0,0.43
264,3,9/5/2004 21:05,9/6/2004 2:55,1,1.138,1.884,1.794,1.432,0.964,0.79,9.057,5.833,0.195,0,0,0,84,53,70,0.96,0,0,P,0,0,1,,9/5/2004,9/7/2004,9,2004,5.6,8.6,2.87,4.12,4.2,1.4,0.82,1.1,0.37,0.67,0.67,0.22,10.12,23.19,7.73,3.97,4.74,1.58,0,1.14
265,3,9/14/2004 6:10,9/15/2004 10:20,1,3.589,2.1,1.842,1.744,1.39,0.786,39.794,28.167,0.127,0,0,0,81,51,68,4.48,0,0,P,0,0,1,,9/14/2004,9/16/2004,9,2004,287,296.6,98.87,282.18,285.65,95.22,112,113.42,37.81,111.48,112.25,37.42,48.91,67.11,22.37,41.55,45.03,15.01,0,3.59
266,3,9/23/2004 15:55,9/23/2004 23:20,1,0.209,0.42,0.276,0.232,0.174,0.13,0.219,7.417,0.028,0,0,0.029,81,48,64,0.22,0,0,P,0,0,1,,9/23/2004,9/25/2004,9,2004,2.48,7,2.33,0.43,0.62,0.21,0.26,0.74,0.25,0.05,0.08,0.03,7.23,21.27,7.09,0.25,0.33,0.11,0,0.21
267,4,10/1/2004 9:15,10/1/2004 23:25,1,1.04,1.512,1.2,0.92,0.652,0.503,5.01,14.167,0.073,NA,NA,NA,74,33,54,1.03,0,0,P,0,0,1,,10/1/2004,10/4/2004,10,2004,4.7,11.39,2.85,3.89,6.85,1.71,0.65,1.52,0.38,0.5,0.84,0.21,9.27,32.32,8.08,2.47,4.13,1.03,0,1.04
268,4,10/13/2004 17:30,10/16/2004 6:50,2,0.515,0.156,0.132,0.104,0.1,0.081,0.218,61.333,0.008,0,0,0,55,37,44,0.09,0,0,P,0,0,1,,10/13/2004,10/16/2004,10,2004,1.54,5.86,1.47,0.18,0.38,0.1,0.15,0.56,0.14,0.02,0.04,0.01,7.84,29.99,7.5,0.29,0.53,0.13,0,0.52
269,1,10/26/2004 11:40,10/27/2004 10:50,1,0.374,0.312,0.282,0.256,0.18,0.116,0.368,23.167,0.016,0,0.009,0.096,55,43,49,0.07,0,0,P,0,0,1,,10/26/2004,10/26/2004,10,2004,1.48,1.48,1.48,0.08,0.08,0.08,0.12,0.12,0.12,0.01,0.01,0.01,7.19,7.19,7.19,0,0,0,0,0.37
270,4,10/28/2004 10:25,10/30/2004 22:35,2,1.213,1.956,1.53,1.388,1.278,0.705,10.224,60.167,0.02,0.006,0.377,0.386,76,42,56,1,0,0,P,0,0,1,,10/28/2004,10/31/2004,10,2004,11,23.3,5.83,8.86,15.8,3.95,1.86,3.53,0.88,1.65,2.83,0.71,13.37,40.68,10.17,3.65,4.33,1.08,0,1.21
271,3,11/1/2004 11:10,11/1/2004 19:50,1,0.101,0.072,0.06,0.04,0.028,0.023,0.012,8.667,0.012,0,0.901,1.216,53,30,42,0.27,0,0,P,0,0,1,,11/1/2004,11/3/2004,11,2004,2.17,6.47,2.16,0.04,0.07,0.02,0.22,0.65,0.22,0,0,0,9.03,26.65,8.88,0.35,0.61,0.2,0,0.1
272,3,11/19/2004 4:40,11/20/2004 4:05,1,0.91,0.132,0.12,0.108,0.1,0.092,0.476,23.417,0.039,0,0.061,0.061,48,29,42,0.83,0,0,P,0,0,1,,11/19/2004,11/21/2004,11,2004,5.6,14.3,4.77,3.66,8.77,2.92,0.82,2,0.67,0.52,1.13,0.38,10.44,28.46,9.49,1.64,2.06,0.69,0,0.91
273,5,11/26/2004 12:25,11/28/2004 1:55,1,0.569,0.108,0.078,0.076,0.058,0.057,0.155,37.5,0.015,0,0,0,37,15,31,0.74,0,0,P,0,0,1,8.89%,11/26/2004,11/30/2004,11,2004,2.15,9.68,1.94,0.36,0.81,0.16,0.31,1.38,0.28,0.05,0.12,0.02,9.6,43.24,8.65,1.85,3.56,0.71,0,0.57
274,1,12/7/2004 9:40,12/7/2004 10:25,1,0.164,0.264,0.258,0.256,0.246,-9,0.285,0.75,0.219,0.054,0.064,0.121,38,34,36,0.01,0,0,P,0,0,1,,12/7/2004,12/7/2004,12,2004,1.78,1.78,1.78,0.08,0.08,0.08,0.22,0.22,0.22,0.01,0.01,0.01,8.06,8.06,8.06,0.05,0.14,0.07,0,0.16
275,4,12/9/2004 11:35,12/10/2004 19:10,1,0.328,0.12,0.096,0.088,0.082,0.074,0.135,31.583,0.01,0.003,0.206,0.225,42,29,37,0.34,0,0,P,0,0,1,,12/9/2004,12/12/2004,12,2004,2.11,7.69,1.92,0.35,0.79,0.2,0.75,1.79,0.45,0.53,0.91,0.23,9.7,35.48,8.87,1.05,1.52,0.38,0,0.33
276,4,,,,,,,,,,,,,,,,40,13,28,0,0,Z,0,0,M,6,,12/15/2004,12/18/2004,12,2004,1.68,6.51,1.63,0.26,0.57,0.14,0.23,0.9,0.23,0.03,0.08,0.02,7.98,31.14,7.78,0.44,0.85,0.21,NA,NA
277,2,,,,,,,,,,,,,,,,30,7,17,0.38,4.9,2,P,S,M,3,3.33%,12/20/2004,12/21/2004,12,2004,1.39,2.76,1.38,0.17,0.32,0.16,0.2,0.4,0.2,0.02,0.04,0.02,6.8,13.48,6.74,0.3,0.48,0.24,0.07,0.07
278,2,,,,,,,,,,,,,,,,35,3,22,0,0,3,0,0,M,5,,12/27/2004,12/28/2004,12,2004,1.26,2.49,1.25,0.04,0.05,0.03,0.2,0.39,0.2,0.01,0.01,0.01,6.44,12.69,6.35,0.26,0.25,0.13,NA,NA
279,4,12/30/2004 6:35,12/30/2004 19:25,1,0.203,0.156,0.126,0.108,0.074,0.06,0.077,12.833,0.016,0,0.003,0.006,54,17,33,0.5,0,0,P,0,0,1,,12/30/2004,1/2/2005,12,2004,1.53,5.65,1.41,0.26,0.69,0.17,0.41,1.24,0.31,0.21,0.42,0.11,7.97,29.51,7.38,1.42,2.58,0.65,0,0.2
280,5,,,,,,,,,,,,,,,,35,-10,16.8,0.05,NA,1,P,S,M,3,10.00%,1/10/2005,1/14/2005,1,2005,1.12,5,1,0.15,0.28,0.06,0.21,0.94,0.19,0.03,0.06,0.01,6.24,27.93,5.59,1.64,2.09,0.42,0.1,0.1
281,2,,,,,,,,,,,,,,,,38,-9,19,0.01,0.2,0.1,P,S,M,3,,1/18/2005,1/19/2005,1,2005,0.98,1.88,0.94,0.17,0.2,0.1,0.2,0.38,0.19,0.03,0.04,0.02,5.69,10.89,5.44,0.49,0.49,0.24,NA,NA
282,2,,,,,,,,,,,,,,,,25,12,21,0.76,8.5,3.2,P,S,M,3,,1/21/2005,1/22/2005,1,2005,0.98,1.94,0.97,0.15,0.16,0.08,0.2,0.4,0.2,0.03,0.04,0.02,5.68,11.26,5.63,0.88,1.66,0.83,NA,NA
283,4,1/25/2005 11:50,1/26/2005 3:20,1,0.204,0.108,0.072,0.06,0.048,0.045,0.048,15.5,0.013,0.023,0.026,0.067,43,-6,22,0,0,2,P,0,M,2,,1/23/2005,1/26/2005,1,2005,1.05,3.9,0.98,0.28,0.7,0.18,0.21,0.79,0.2,0.05,0.13,0.03,6.12,22.64,5.66,0.42,0.74,0.18,NA,NA
284,2,,,,,,,,,,,,,,,,35,22,28,0,0,1,0,0,M,5,11.67%,1/29/2005,1/30/2005,1,2005,1.01,2,1,0.12,0.22,0.11,0.21,0.41,0.21,0.03,0.05,0.03,5.88,11.63,5.81,1.25,1.25,0.62,0.12,0.12
285,1,,,,,,,,,,,,,,,,42,33,38,0,0,1,0,0,M,5,14.00%,2/2/2005,2/2/2005,2,2005,1.08,1.08,1.08,0.06,0.06,0.06,0.22,0.22,0.22,0.01,0.01,0.01,6.29,6.29,6.29,0,0.09,0.04,0.14,0.14
286,4,,,,,,,,,,,,,,,,54,19,36,0.34,0.1,3.1,P,S,M,3,14.00%,2/4/2005,2/7/2005,2,2005,1040,1622.6,405.65,1034.06,1608.38,402.1,279,517.1,129.28,278.59,515.8,128.95,88.67,148.53,37.13,78.09,110.5,27.62,0.43,0.43
287,2,,,,,,,,,,,,,,,,29,18,23,0.07,0.1,1,P,S,M,3,8.33%,2/9/2005,2/10/2005,2,2005,3.63,6.73,3.37,0.69,0.85,0.43,0.35,0.67,0.34,0.03,0.03,0.02,7.12,14.08,7.04,0.16,0.16,0.08,0.08,0.08
288,4,2/13/2005 11:40,2/14/2005 22:20,1,0.325,0.108,0.072,0.06,0.054,0.048,0.08,34.667,0.009,0,0.06,0.06,41,20,33,0.35,0,U,P,0,M,2,,2/13/2005,2/16/2005,2,2005,28,64.22,16.06,8.4,20.8,5.2,3.2,6.94,1.74,1.16,2.36,0.59,14.1,43.21,10.8,6.64,14.27,3.57,NA,NA
289,4,,,,,,,,,,,,,,,,34,10,26,0.48,4.8,1,P,S,M,3,12.22%,2/19/2005,2/22/2005,2,2005,2.07,7.87,1.97,0.19,0.43,0.11,0.25,0.94,0.24,0.02,0.04,0.01,6.86,26.28,6.57,0.5,1.14,0.29,0.12,0.12
290,3,,,,,,,,,,,,,,,,36,13,26,0,0,1,0,0,M,5,12.40%,2/23/2005,2/25/2005,2,2005,1.84,5.43,1.81,0.04,0.05,0.02,0.22,0.65,0.22,0.01,0.01,0,6.32,18.64,6.21,0.21,0.31,0.1,0.12,0.12
291,2,,,,,,,,,,,,,,,,34,22,29,0.1,1,U,P,S,M,3,13.33%,2/27/2005,2/28/2005,2,2005,1.77,3.51,1.76,0.09,0.15,0.08,0.21,0.42,0.21,0.01,0.02,0.01,6.08,12.09,6.05,0.07,0.07,0.04,NA,NA
292,7,,,,,,,,,,,,,,,,64,5,33,0,0,4,0,0,M,5,15.00%,3/3/2005,3/9/2005,3,2005,1010,1151.3,164.47,994,1087.5,155.36,418,428.55,61.22,416.25,422.16,60.31,68.9,122.07,17.44,61.74,76.99,6.42,0.6,0.6
293,3,3/10/2005 4:40,3/10/2005 16:10,1,0.149,0.144,0.126,0.12,0.102,0.071,0.079,11.5,0.013,0,0,0,39,10,28,0.11,0.1,1,P,S,M,2,,3/10/2005,3/12/2005,3,2005,6.28,12.95,4.32,2.21,2.83,0.94,0.37,0.98,0.33,0.09,0.13,0.04,6.67,18.69,6.23,0.94,1.5,0.5,NA,NA
294,4,,,,,,,,,,,,,,,,40,18,29,0,0,Z,0,0,M,6,,3/14/2005,3/17/2005,3,2005,2.08,7.69,1.92,0.25,0.47,0.12,0.24,0.91,0.23,0.03,0.05,0.01,6.67,24.11,6.03,1.37,2.71,0.68,NA,NA
295,4,,,,,,,,,,,,,,,,42,14,29,1.6,15,8.5,P,S,M,3,6.00%,3/18/2005,3/21/2005,3,2005,1.88,6.68,1.67,0.36,0.46,0.12,0.2,0.71,0.18,0.03,0.05,0.01,6.82,24.85,6.21,0.48,0.53,0.13,0.51,0.51
296,8,,,,,,,,,,,,,,,,71,18,41,0,0,7,0,0,M,5,,3/22/2005,3/29/2005,3,2005,872,1900.49,237.56,778.5,1590,198.75,321,692.81,86.6,292.8,601.61,75.2,71.9,249.56,31.2,44.97,116.88,10.63,NA,NA
297,1,3/30/2005 10:20,3/31/2005 7:25,1,0.216,0.576,0.54,0.512,0.34,0.176,0.515,21.083,0.01,0,0,0,71,50,61,0.1,0,0,P,0,0,1,,3/30/2005,3/30/2005,3,2005,102,102,102,79,79,79,27,27,27,21.1,21.1,21.1,34.94,34.94,34.94,0,44.97,22.49,0,0.22
298,8,,,,,,,,,,,,,,,,77,31,54,NA,0,U,P,0,M,3,,4/1/2005,4/8/2005,4,2005,6.27,37.95,4.74,1.52,2.54,0.32,2.54,11.92,1.49,0.92,1.73,0.22,14.2,101.41,12.68,1.19,8.59,0.78,NA,NA
299,4,4/11/2005 18:30,4/12/2005 13:10,1,0.246,0.132,0.114,0.092,0.08,0.062,0.099,18.667,0.013,0.002,0.014,0.014,77,34,57,0.27,0,0,P,0,0,1,,4/11/2005,4/14/2005,4,2005,4.36,16.41,4.1,0.35,0.73,0.18,1.01,3.79,0.95,0.08,0.17,0.04,11.77,44.12,11.03,1.3,1.71,0.43,0,0.25
300,2,4/16/2005 13:55,4/16/2005 21:50,1,0.548,0.36,0.318,0.276,0.254,0.224,0.886,7.917,0.069,0,0,0.248,74,46,61,0.53,0,0,P,0,0,1,,4/16/2005,4/17/2005,4,2005,4.53,8.86,4.43,0.32,0.44,0.22,0.97,1.91,0.96,0.08,0.13,0.06,11.76,23.07,11.54,1.66,2.87,1.44,0,0.55
301,2,4/19/2005 7:55,4/19/2005 23:50,1,0.945,0.672,0.66,0.548,0.332,0.239,2.152,15.917,0.059,0,0.55,0.55,77,55,63,NA,0,0,P,0,0,1,,4/19/2005,4/20/2005,4,2005,11,19.8,9.9,6.66,11.12,5.56,1.98,3.39,1.7,0.77,0.97,0.49,15.03,28.98,14.49,4.19,7.3,3.65,0,0.95
302,2,5/12/2005 7:30,5/13/2005 11:40,1,1.334,1.272,1.104,0.98,0.644,0.431,5.893,28.167,0.047,0.021,0.08,0.099,56,36,46,1.16,0,0,P,0,0,1,,5/12/2005,5/13/2005,5,2005,7.2,10.8,5.4,3.6,5.33,2.67,1.5,2.16,1.08,0.84,1.43,0.72,13.45,23.81,11.9,3.09,3.09,1.54,0,1.33
303,1,5/14/2005 10:25,5/15/2005 8:40,1,0.145,0.18,0.15,0.136,0.076,0.045,0.058,22.25,0.007,0.008,1.336,1.412,56,44,50,0.03,0,0,P,0,0,1,,5/14/2005,5/14/2005,5,2005,3.6,3.6,3.6,0,0,0,0.66,0.66,0.66,0,0,0,10.46,10.46,10.46,0.1,3.19,1.59,0,0.15
304,5,5/16/2005 17:35,5/19/2005 16:10,3,1.188,0.768,0.618,0.504,0.426,0.349,2.687,70.583,0.017,0,0.145,1.479,72,36,59,1.27,0,0,P,0,0,1,,5/16/2005,5/20/2005,5,2005,8.8,24.2,4.84,4.79,7.78,1.56,1.9,4.81,0.96,1.24,1.96,0.39,14.1,55.35,11.07,2.99,3.54,0.71,0,1.19
305,2,5/25/2005 19:55,5/26/2005 4:00,1,0.126,0.168,0.12,0.104,0.06,0.054,0.038,8.083,0.016,0,0,0.015,76,53,64,0.09,0,0,P,0,0,1,,5/25/2005,5/26/2005,5,2005,2.69,5.25,2.63,0.32,0.51,0.26,0.22,0.43,0.22,0.02,0.03,0.02,9.14,18.2,9.1,0.08,0.08,0.04,0,0.13
306,3,5/27/2005 12:25,5/28/2005 8:40,1,0.451,0.876,0.792,0.692,0.464,0.283,1.458,20.25,0.022,0,0.126,0.126,72,46,58,0.08,0,0,P,0,0,1,,5/27/2005,5/29/2005,5,2005,2.47,7.04,2.35,0.55,0.83,0.28,0.21,0.6,0.2,0.04,0.06,0.02,9.98,28.47,9.49,0.91,1.26,0.42,0,0.45
307,2,6/4/2005 8:55,6/5/2005 17:25,2,0.539,0.984,0.906,0.828,0.544,0.297,1.892,32.5,0.017,0,0,0.002,80,65,72,0.98,0,0,P,0,0,1,,6/4/2005,6/5/2005,6,2005,1.81,3.6,1.8,0.15,0.28,0.14,0.16,0.32,0.16,0.01,0.02,0.01,8.8,17.56,8.78,0.79,1.36,0.68,0,0.54
308,3,6/7/2005 10:15,6/8/2005 16:00,2,1.463,2.364,2.118,1.632,0.906,0.35,7.222,29.75,0.049,0.002,0.521,0.541,92,61,75,0.96,0,0,P,0,0,1,,6/7/2005,6/9/2005,6,2005,14,25.3,8.43,12.31,17.02,5.67,3.6,5.65,1.88,3.45,4.5,1.5,12.88,32.3,10.77,3.66,5.63,1.88,0,1.46
309,7,6/10/2005 23:25,6/14/2005 20:30,3,1.338,2.112,1.95,1.836,1.142,0.577,9.307,93.083,0.014,0,0.905,1.467,86,52,72,1.58,0,0,P,0,0,1,,6/10/2005,6/16/2005,6,2005,44.7,84.55,12.08,39.8,48.51,6.93,18.6,26.73,3.82,17.75,20.23,2.89,17.5,79.92,11.42,6.51,19.15,1.6,0,1.34
310,2,7/3/2005 8:40,7/3/2005 20:25,1,0.158,0.204,0.192,0.152,0.106,0.081,0.097,11.75,0.013,0,0,0.025,82,62,72,0.13,0,0,P,0,0,1,,7/3/2005,7/4/2005,7,2005,2.61,5.16,2.58,0.14,0.22,0.11,0.39,0.77,0.39,0.01,0.01,0.01,7.48,14.79,7.39,0.63,1.09,0.54,0,0.16
311,3,7/8/2005 12:30,7/8/2005 13:25,1,0.117,0.216,0.204,0.192,0.174,-9,0.132,0.917,0.128,0,0,0.096,90,62,78,0.19,0,0,P,0,0,1,,7/8/2005,7/10/2005,7,2005,2.44,7.12,2.37,0.16,0.26,0.09,0.39,1.15,0.38,0.02,0.04,0.01,7.03,20.52,6.84,0.46,0.81,0.27,0,0.12
312,2,7/17/2005 23:00,7/18/2005 3:10,1,0.744,1.296,1.062,0.976,0.84,0.517,4.999,4.167,0.179,0,0,0,95,69,83,0.4,0,0,P,0,0,1,,7/17/2005,7/18/2005,7,2005,4.8,6.88,3.44,2.57,2.57,1.29,0.7,0.99,0.5,0.41,0.41,0.21,7.9,13.95,6.97,1.85,1.85,0.92,0,0.74
313,3,7/20/2005 6:40,7/21/2005 9:55,2,0.612,1.284,0.876,0.648,0.41,0.299,1.429,27.25,0.022,0,0.744,0.744,91,69,80,1.28,0,0,P,0,0,1,,7/20/2005,7/22/2005,7,2005,3.6,9.25,3.08,1.3,2.42,0.81,0.45,1.09,0.36,0.21,0.32,0.11,7.36,21.42,7.14,0.52,0.9,0.3,0,0.61
314,4,7/25/2005 15:05,7/26/2005 2:50,1,2.031,2.436,1.962,1.744,1.432,0.847,24.773,11.75,0.173,0,0.025,0.272,87,55,71,3.33,0,0,P,0,0,1,,7/25/2005,7/28/2005,7,2005,34.1,56.14,14.04,31.82,46.42,11.61,14.2,20.67,5.17,13.97,19.75,4.94,11.62,37.91,9.48,4.5,9.36,2.34,0,2.03
315,4,8/9/2005 17:10,8/12/2005 4:00,2,1.199,1.248,1.002,0.908,0.776,0.558,4.98,58.833,0.02,0,0,0,91,65,75,1.34,0,0,P,0,0,1,,8/9/2005,8/12/2005,8,2005,3.6,11.62,2.91,1.53,3.28,0.82,0.45,1.26,0.32,0.27,0.52,0.13,7.39,28.29,7.07,0.85,1.53,0.38,0,1.2
316,4,8/18/2005 7:35,8/20/2005 5:40,2,0.703,0.504,0.468,0.428,0.302,0.228,1.123,46.083,0.015,0,0,0,83,58,73,1.22,0,0,P,0,0,1,,8/18/2005,8/21/2005,8,2005,2.8,8.74,2.19,1.37,2.62,0.66,0.7,1.65,0.41,0.59,1.15,0.29,7.91,29.08,7.27,1.42,3.43,0.86,0,0.7
317,2,8/26/2005 10:10,8/26/2005 18:25,1,0.78,0.924,0.864,0.776,0.69,0.508,4.088,8.25,0.095,0,0,0,84,56,71,0.55,0,0,P,0,0,1,,8/26/2005,8/27/2005,8,2005,4.1,7,3.5,2.59,3.98,1.99,1.6,2.36,1.18,1.49,2.14,1.07,8.96,16.92,8.46,2.82,4.64,2.32,0,0.78
318,3,9/3/2005 18:10,9/4/2005 7:55,1,0.194,0.192,0.168,0.16,0.136,0.117,0.152,13.75,0.014,0,0.018,0.018,87,52,71,0.23,0,0,P,0,0,1,,9/3/2005,9/5/2005,9,2005,1.52,4.36,1.45,0.08,0.11,0.04,0.11,0.31,0.1,0.01,0.01,0,6.5,18.69,6.23,0.48,0.63,0.21,0,0.19
319,3,9/8/2005 8:50,9/8/2005 11:35,1,0.163,0.144,0.138,0.12,0.098,0.09,0.09,2.75,0.059,0.057,0.082,0.276,89,55,71,0.21,0,0,P,0,0,1,,9/8/2005,9/10/2005,9,2005,1.55,4.53,1.51,0.1,0.24,0.08,0.1,0.29,0.1,0.01,0.01,0,6.54,19.05,6.35,0.57,1.29,0.43,0,0.16
320,4,9/13/2005 1:25,9/13/2005 17:50,2,0.689,1.62,1.482,1.304,0.692,0.354,2.917,16.417,0.042,0.055,0.055,0.221,82,50,67,1.23,0,0,P,0,0,1,,9/13/2005,9/16/2005,9,2005,2.2,6.93,1.73,0.72,1.04,0.26,0.14,0.43,0.11,0.04,0.06,0.02,7.26,26.49,6.62,1.32,2.39,0.6,0,0.69
321,2,9/19/2005 2:15,9/19/2005 11:45,1,0.399,0.324,0.312,0.296,0.264,0.188,0.682,9.5,0.042,0,0,0.002,85,54,71,0.44,0,0,P,0,0,1,,9/19/2005,9/20/2005,9,2005,1.73,3.3,1.65,0.28,0.4,0.2,0.08,0.15,0.08,0.01,0.01,0.01,7.28,13.89,6.95,0.99,1.31,0.66,0,0.4
322,2,9/21/2005 23:35,9/22/2005 11:30,1,0.267,0.648,0.54,0.488,0.302,0.219,0.566,11.917,0.022,0,0.399,0.399,90,62,75,0.09,0,0,P,0,0,1,,9/21/2005,9/22/2005,9,2005,1.51,2.96,1.48,0.08,0.08,0.04,0.07,0.14,0.07,0,0,0,6.36,12.53,6.27,0.31,0.43,0.22,0,0.27
323,3,9/24/2005 11:50,9/25/2005 14:15,2,2.37,0.9,0.738,0.684,0.628,0.536,10.289,26.417,0.09,0,0.267,0.267,70,54,62,2.66,0,0,P,0,0,1,,9/24/2005,9/26/2005,9,2005,31.9,37.34,12.45,28.97,30.05,10.02,9.81,10.48,3.49,9.56,9.91,3.3,17.02,32.61,10.87,10.75,13.8,4.6,0,2.37
324,2,9/28/2005 8:50,9/28/2005 14:20,1,0.429,0.396,0.378,0.32,0.25,0.177,0.668,5.5,0.078,0,0.135,2.376,69,40,54,0.51,0,0,P,0,0,1,,9/28/2005,9/29/2005,9,2005,3.3,5.61,2.81,1.44,1.89,0.95,0.28,0.42,0.21,0.19,0.24,0.12,8.42,16.46,8.23,0.55,0.72,0.36,0,0.43
325,4,10/5/2005 12:50,10/5/2005 19:30,1,0.324,1.248,0.882,0.652,0.398,0.245,0.993,6.667,0.049,0.034,0.034,NA,82,35,53,0.22,0,0,P,0,0,1,,10/5/2005,10/8/2005,10,2005,2.07,7.7,1.93,0.12,0.22,0.06,0.51,1.76,0.44,0.14,0.4,0.1,7.07,27.29,6.82,0.43,0.96,0.24,0,0.32
326,3,10/12/2005 22:30,10/13/2005 7:55,1,0.566,0.432,0.336,0.304,0.246,0.24,0.921,9.417,0.06,0.004,0.004,0.004,76,44,59,0.09,0,0,P,0,0,1,,10/12/2005,10/14/2005,10,2005,7.1,13.72,4.57,5.55,9,3,0.92,1.69,0.56,0.79,1.23,0.41,8.55,22.81,7.6,1.8,2.56,0.85,0,0.57
327,1,10/30/2005 9:00,10/31/2005 0:30,1,0.272,0.168,0.162,0.132,0.108,0.087,0.164,15.5,0.018,0,0.002,0.002,64,49,57,0.09,0,0,P,0,0,1,,10/30/2005,10/30/2005,10,2005,1.7,1.7,1.7,0.2,0.2,0.2,0.05,0.05,0.05,0,0,0,6.86,6.86,6.86,0.07,0.09,0.05,0,0.27
328,2,11/12/2005 15:25,11/13/2005 3:10,1,0.863,1.872,1.59,1.456,0.928,0.515,6.458,11.75,0.073,0,0,0,62,38,51,0.58,0,0,P,0,0,1,,11/12/2005,11/13/2005,11,2005,7.9,11.9,5.95,5.2,6.5,3.25,1.06,1.47,0.74,1.02,1.39,0.7,8.79,15.68,7.84,2.52,3.14,1.57,0,0.86
329,3,11/14/2005 21:05,11/15/2005 23:35,1,0.429,0.108,0.084,0.08,0.074,0.071,0.151,26.5,0.016,0,0.88,0.88,42,19,34,0.73,1.4,0.4,P,S,M,2,,11/14/2005,11/16/2005,11,2005,7.6,15.9,5.3,4.57,7.14,2.38,1.01,1.71,0.57,0.97,1.59,0.53,8.68,23.69,7.9,1.47,2.06,0.69,NA,NA
330,5,11/18/2005 9:55,11/19/2005 11:35,1,0.151,0.108,0.066,0.06,0.046,0.033,0.028,25.667,0.006,0.012,0.356,0.453,47,19,36,0,0,1,P,0,M,2,,11/18/2005,11/22/2005,11,2005,3.35,16.07,3.21,0.3,0.82,0.16,0.04,0.2,0.04,0,0,0,7.61,36.92,7.38,0.51,0.9,0.18,NA,NA
331,3,,,,,,,,,,,,,,,,41,13,23,0.16,2,2,P,S,M,3,,11/24/2005,11/26/2005,11,2005,2.73,7.83,2.61,0.19,0.21,0.07,0.05,0.13,0.04,0.01,0.01,0,6.62,19.59,6.53,0.2,0.2,0.07,NA,NA
332,5,11/27/2005 5:05,11/28/2005 20:45,1,0.773,0.828,0.642,0.476,0.282,0.191,1.372,39.667,0.019,0.014,0.023,0.04,52,16,31,1.1,3,0.5,P,S,M,2,,11/27/2005,12/1/2005,11,2005,9.5,27.89,5.58,4.3,8.05,1.61,1.36,2.94,0.59,0.76,1,0.2,9.37,39.9,7.98,2.82,5.32,1.06,NA,NA
333,4,,,,,,,,,,,,,,,,23,-2,14,0.16,3,2,P,S,M,3,,12/2/2005,12/5/2005,12,2005,2.12,7.74,1.94,0.26,0.34,0.09,0.08,0.29,0.07,0.01,0.01,0,6.66,25.42,6.35,0.52,1.35,0.34,NA,NA
334,3,,,,,,,,,,,,,,,,34,0,15,0.05,0.9,1.8,P,S,M,3,,12/8/2005,12/10/2005,12,2005,1.5,4.36,1.45,0.11,0.16,0.05,0.1,0.29,0.1,0.01,0.01,0,5.75,17.14,5.71,0.06,0.07,0.02,NA,NA
335,4,,,,,,,,,,,,,,,,33,4,21,0.35,4.8,1,P,S,M,3,,12/14/2005,12/17/2005,12,2005,1.19,4.43,1.11,0.13,0.18,0.05,0.14,0.53,0.13,0.01,0.03,0.01,5.49,21.43,5.36,0.4,0.82,0.2,NA,NA
336,4,12/22/2005 11:35,12/23/2005 14:55,1,0.234,0.072,0.048,0.048,0.044,0.038,0.044,27.333,0.009,0,0,0,47,7,33,0,0,3,P,0,M,2,17.09%,12/22/2005,12/25/2005,12,2005,0.87,3.39,0.85,0.06,0.11,0.03,0.17,0.66,0.17,0.01,0.02,0.01,5.12,20.06,5.01,0.23,0.46,0.11,0.51,0.75
337,3,,,,,,,,,,,,,,,,35,31,33,0,0,2,0,0,M,5,27.78%,12/26/2005,12/28/2005,12,2005,0.83,2.48,0.83,0.03,0.05,0.02,0.16,0.47,0.16,0.01,0.01,0,5.14,15.3,5.1,0.06,0.06,0.02,0.56,0.56
338,5,,,,,,,,,,,,,,,,39,26,33,0.06,0,U,P,0,M,3,,1/2/2006,1/6/2006,1,2006,0.92,4.42,0.88,0.07,0.19,0.04,0.16,0.75,0.15,0.01,0.02,0,6.19,29.69,5.94,0.33,0.66,0.13,NA,NA
339,9,,,,,,,,,,,,,,,,45,16,32,0,0,Z,0,0,M,6,,1/8/2006,1/16/2006,1,2006,0.82,6.7,0.74,0.07,0.22,0.02,0.13,1.01,0.11,0.01,0.02,0,5.76,48.82,5.42,0.32,0.89,0.1,NA,NA
340,2,,,,,,,,,,,,,,,,33,15,24,0.02,0.1,0.1,P,S,M,3,,1/17/2006,1/18/2006,1,2006,0.71,1.4,0.7,0.02,0.02,0.01,0.1,0.2,0.1,0.01,0.02,0.01,5.5,10.85,5.42,0.15,0.15,0.07,NA,NA
341,9,,,,,,,,,,,,,,,,52,9,32,0,0,Z,0,0,M,6,,1/19/2006,1/27/2006,1,2006,0.69,5.77,0.64,0.04,0.08,0.01,0.09,0.76,0.08,0,0,0,5.42,47.36,5.26,0.25,1.04,0.12,NA,NA
342,3,1/28/2006 11:10,1/29/2006 21:15,1,0.374,0.192,0.18,0.18,0.166,0.115,0.322,34.083,0.011,0,0,0,42,26,34,0.45,0,U,P,0,M,2,,1/28/2006,1/30/2006,1,2006,3.8,7.44,2.48,3.13,5.49,1.83,0.39,0.76,0.25,0.31,0.52,0.17,6.76,18.66,6.22,1.18,1.92,0.64,NA,NA
343,5,,,,,,,,,,,,,,,,52,13,29,0.1,2,1,P,S,M,3,,2/1/2006,2/5/2006,2,2006,0.67,3.18,0.64,0.03,0.07,0.01,0.08,0.36,0.07,0.01,0.03,0.01,6.06,29.45,5.89,0.44,0.63,0.13,NA,NA
344,4,,,,,,,,,,,,,,,,32,11,24,0.07,1,2,P,S,M,3,,2/9/2006,2/12/2006,2,2006,0.7,2.56,0.64,0.08,0.14,0.04,0.06,0.24,0.06,0,0,0,5.34,21.21,5.3,0.14,0.21,0.05,NA,NA
345,2,,,,,,,,,,,,,,,,39,18,29,0,0,0.7,0,0,M,5,,2/14/2006,2/15/2006,2,2006,0.82,1.61,0.81,0.1,0.17,0.09,0.06,0.12,0.06,0,0,0,5.24,10.36,5.18,0.23,0.36,0.18,NA,NA
346,3,,,,,,,,,,,,,,,,22,-18,6,0.46,5.7,1,P,S,M,3,,2/16/2006,2/18/2006,2,2006,0.93,2.68,0.89,0.07,0.1,0.03,0.06,0.18,0.06,0,0,0,5.02,14.72,4.91,0.12,0.12,0.04,NA,NA
347,2,,,,,,,,,,,,,,,,31,9,20,0,0,1,0,0,M,5,,2/20/2006,2/21/2006,2,2006,1.18,2.26,1.13,0.19,0.28,0.14,0.07,0.14,0.07,0.01,0.02,0.01,5,9.9,4.95,0.1,0.1,0.05,NA,NA
348,8,,,,,,,,,,,,,,,,45,5,30,0,0,2,0,0,M,5,,2/23/2006,3/2/2006,2,2006,2.25,13.81,1.73,0.37,0.97,0.12,0.09,0.64,0.08,0.01,0.02,0,5.4,40.87,5.11,0.2,1.05,0.1,NA,NA
349,2,,,,,,,,,,,,,,,,42,17,32,0.44,4,N,P,S,M,3,,3/4/2006,3/5/2006,3,2006,2.77,5.33,2.67,0.41,0.61,0.31,0.13,0.23,0.12,0.04,0.05,0.03,5.5,10.9,5.45,0.09,0.17,0.09,NA,NA
350,5,3/6/2006 8:25,3/9/2006 8:35,3,0.468,0.216,0.18,0.184,0.158,0.104,0.239,72.167,0.006,0.02,0.02,0.02,56,25,38,0.41,0,2,P,0,M,2,,3/6/2006,3/10/2006,3,2006,127,148.35,29.67,124.46,135.68,27.14,22.5,28.59,5.72,22.1,27.31,5.46,19.21,48.57,9.71,10.93,12.91,2.58,NA,NA
351,2,3/12/2006 14:30,3/13/2006 14:55,1,0.385,0.42,0.408,0.356,0.244,0.146,0.509,24.417,0.016,0,0.002,0.342,44,26,34,0.68,NA,2.1,P,S,M,2,,3/12/2006,3/13/2006,3,2006,2.58,4.87,2.44,0.49,0.69,0.35,0.32,0.64,0.32,0.09,0.18,0.09,8.75,16.19,8.09,1.31,1.31,0.65,NA,NA
352,3,,,,,,,,,,,,,,,,39,14,27,0.44,4.7,2.7,P,S,M,3,,3/15/2006,3/17/2006,3,2006,1.99,5.78,1.93,0.1,0.11,0.04,0.2,0.59,0.2,0.01,0.02,0.01,7.17,20.84,6.95,0.23,0.39,0.13,NA,NA
353,2,,,,,,,,,,,,,,,,43,15,32,0,0,4,0,0,M,5,,3/19/2006,3/20/2006,3,2006,1.96,3.88,1.94,0.06,0.08,0.04,0.22,0.43,0.22,0.01,0.01,0.01,6.45,12.88,6.44,0.04,0.04,0.02,NA,NA
354,7,,,,,,,,,,,,,,,,56,23,38,0.03,0,U,P,0,M,3,,3/22/2006,3/28/2006,3,2006,14.8,41.02,5.86,8.4,11.4,1.63,2.52,5.97,0.85,1.72,2.21,0.32,10.56,59.86,8.55,2,6.12,0.51,NA,NA
355,3,3/29/2006 21:40,3/31/2006 18:40,2,1.407,1.068,0.786,0.64,0.39,0.288,3.372,45,0.031,0.002,0.006,0.006,59,32,48,1.29,0,0,P,0,0,1,,3/29/2006,3/31/2006,3,2006,57.4,84.81,28.27,40.6,48,16,13.5,20.87,6.96,10.72,14.86,4.95,19.76,40.05,13.35,11.28,14.61,4.87,0,1.41
356,2,4/2/2006 8:45,4/2/2006 13:15,1,0.713,0.456,0.432,0.428,0.418,0.34,2.092,4.5,0.158,0,1.301,1.409,51,39,44,0.78,0,0,P,0,0,1,,4/2/2006,4/3/2006,4,2006,42,66,33,37.71,57.42,28.71,11,15.8,7.9,10.12,14.04,7.02,16.34,29.34,14.67,3.84,4.34,2.17,0,0.71
357,4,4/6/2006 17:15,4/7/2006 1:15,1,0.237,0.384,0.372,0.356,0.258,0.157,0.385,8,0.03,0,0.015,0.776,61,27,46,0.74,0,0,P,0,0,1,,4/6/2006,4/9/2006,4,2006,2.45,8.93,2.23,0.26,0.41,0.1,0.51,1.75,0.44,0.09,0.15,0.04,10.27,37.97,9.49,1.5,1.88,0.47,0,0.24
358,2,4/21/2006 11:00,4/21/2006 20:30,1,0.124,0.36,0.36,0.328,0.206,0.104,0.172,9.5,0.013,0.012,0.035,0.047,60,43,52,0.14,0,0,P,0,0,1,,4/21/2006,4/22/2006,4,2006,1.27,2.51,1.26,0.11,0.19,0.1,0.13,0.26,0.13,0.01,0.02,0.01,7.15,14.23,7.11,0.34,0.61,0.3,0,0.12
359,5,4/29/2006 6:50,5/1/2006 21:20,2,1.584,0.24,0.24,0.2,0.182,0.162,1.523,62.5,0.025,0,0,0.018,73,48,57,1.59,0,0,P,0,0,1,,4/29/2006,5/3/2006,4,2006,21,38.57,7.71,18.59,27.32,5.46,1.7,3.77,0.75,1.52,2.75,0.55,10.2,42.66,8.53,3.69,6.45,1.29,0,1.58
360,3,5/8/2006 19:20,5/9/2006 16:05,1,0.974,1.14,1.11,1.036,0.838,0.495,6.084,20.75,0.047,0,0,0,71,49,60,1.18,0,0,P,0,0,1,,5/8/2006,5/10/2006,5,2006,3.22,8.35,2.78,1.1,1.99,0.66,1.7,3.17,1.06,1.43,2.36,0.79,10,25.9,8.63,3.19,4.29,1.43,0,0.97
361,4,5/25/2006 12:55,5/25/2006 14:15,1,0.102,0.72,0.486,0.376,0.196,0.098,0.155,1.333,0.077,0.008,0.048,NA,92,62,75,0.08,0,0,P,0,0,1,,5/25/2006,5/28/2006,5,2006,2.36,9.35,2.34,0.08,0.16,0.04,0.55,2.1,0.53,0.03,0.08,0.02,6.62,25.79,6.45,0.33,0.56,0.14,0,0.1
362,4,5/30/2006 3:50,5/30/2006 6:50,1,0.753,2.316,2.13,1.948,1.326,0.747,9.399,3,0.251,0,0.099,0.201,85,57,72,0.12,0,0,P,0,0,1,,5/30/2006,6/2/2006,5,2006,11.8,23.06,5.77,9.51,13.44,3.36,0.69,1.91,0.48,0.37,0.41,0.1,7.85,26.31,6.58,1.91,2.67,0.67,0,0.75
363,2,6/6/2006 1:25,6/6/2006 7:55,1,0.778,2.052,1.788,1.636,1.04,0.632,6.841,6.5,0.12,0,0,0,87,63,75,0.37,0,0,P,0,0,1,,6/6/2006,6/7/2006,6,2006,8.3,13,6.5,5.78,7.75,3.88,2.04,2.74,1.37,1.64,1.95,0.98,7.08,13.06,6.53,1.57,2.04,1.02,0,0.78
364,3,6/9/2006 7:05,6/11/2006 4:35,2,0.334,0.132,0.114,0.116,0.11,0.083,0.165,45.5,0.007,0,0.012,0.778,83,50,64,0.77,0,0,P,0,0,1,,6/9/2006,6/11/2006,6,2006,2.93,8.54,2.85,0.25,0.45,0.15,0.42,1.23,0.41,0.02,0.04,0.01,5.9,17.19,5.73,0.4,0.69,0.23,0,0.33
365,3,6/16/2006 23:45,6/17/2006 2:00,1,0.15,0.924,0.624,0.464,0.288,0.146,0.34,2.25,0.067,0.009,0.015,0.015,89,68,79,0.39,0,0,P,0,0,1,,6/16/2006,6/18/2006,6,2006,2.68,7.87,2.62,0.11,0.16,0.05,0.43,1.25,0.42,0.03,0.05,0.02,5.39,15.84,5.28,0.28,0.39,0.13,0,0.15
366,3,6/24/2006 16:55,6/25/2006 21:15,2,1.168,0.876,0.852,0.724,0.68,0.477,4.062,28.333,0.041,0,0,0.019,82,56,71,1.1,0,0,P,0,0,1,,6/24/2006,6/26/2006,6,2006,6.8,12.17,4.06,4.22,4.57,1.52,1.4,2.18,0.73,1.06,1.11,0.37,6.74,17.8,5.93,1.5,2.08,0.69,0,1.17
367,1,7/14/2006 2:15,7/14/2006 4:35,1,0.272,0.732,0.678,0.612,0.436,0.224,0.915,2.333,0.117,0,0.004,0.004,91,65,78,0.29,0,0,P,0,0,1,,7/14/2006,7/14/2006,7,2006,2.15,2.15,2.15,0.09,0.09,0.09,0.14,0.14,0.14,0.01,0.01,0.01,5.12,5.12,5.12,0.12,0.12,0.06,0,0.27
368,8,7/19/2006 11:00,7/25/2006 16:45,3,2.594,2.16,2.064,2.004,1.536,0.986,24.567,149.75,0.017,0,0,0,90,59,77,1.91,0,0,P,0,0,1,,7/19/2006,7/26/2006,7,2006,15.6,35.52,4.44,12.79,15.03,1.88,3.79,6.31,0.79,3.58,4.16,0.52,8.12,45.69,5.71,3.12,4.46,0.41,0,2.59
369,3,8/2/2006 0:05,8/2/2006 12:05,1,1.285,1.008,0.816,0.636,0.396,0.273,3.624,12,0.107,0.046,0.046,0.046,89,64,76,1.17,0,0,P,0,0,1,,8/2/2006,8/4/2006,8,2006,6.8,10.21,3.4,5.13,5.48,1.83,1.4,1.72,0.57,1.21,1.27,0.42,6.66,17.1,5.7,1.61,1.95,0.65,0,1.29
370,2,8/6/2006 3:45,8/6/2006 5:30,1,0.285,0.696,0.582,0.472,0.332,0.278,0.71,1.75,0.163,0,0,1.331,85,61,75,0.41,0,0,P,0,0,1,,8/6/2006,8/7/2006,8,2006,1.58,3.07,1.54,0.18,0.27,0.14,0.12,0.23,0.12,0.03,0.05,0.03,5.32,10.5,5.25,0.36,0.58,0.29,0,0.29
371,3,8/9/2006 12:00,8/9/2006 12:30,1,0.184,0.564,0.552,0.548,0.368,-9,0.545,0.5,0.368,0,0,0.285,83,64,74,0.01,0,0,P,0,0,1,,8/9/2006,8/11/2006,8,2006,1.37,4.09,1.36,0.02,0.04,0.01,0.1,0.28,0.09,0.01,0.01,0,5.16,15.35,5.12,0.13,0.26,0.09,0,0.18
372,4,8/13/2006 16:05,8/13/2006 23:05,1,1.955,1.86,1.728,1.644,1.37,1.016,23.077,7,0.279,0,0,0.184,85,56,73,0.82,0,0,P,0,0,1,,8/13/2006,8/16/2006,8,2006,15.2,25.08,6.27,13.88,17.54,4.39,8.14,9.88,2.47,8.03,8.94,2.24,9.64,26.22,6.55,4.24,5.11,1.28,0,1.96
373,3,8/17/2006 4:45,8/17/2006 14:20,1,0.48,0.228,0.204,0.196,0.168,0.152,0.468,9.583,0.05,0,0.002,1.957,81,64,73,0.9,0,0,P,0,0,1,,8/17/2006,8/19/2006,8,2006,2.48,7.08,2.36,0.26,0.45,0.15,0.36,0.97,0.32,0.07,0.11,0.04,5.65,16.59,5.53,0.22,0.3,0.1,0,0.48
374,3,8/23/2006 5:55,8/25/2006 10:15,2,1.077,0.996,0.918,0.664,0.414,0.259,3.157,52.333,0.021,0,0,0.004,85,61,73,1.54,0,0,P,0,0,1,,8/23/2006,8/25/2006,8,2006,5.3,9.05,3.02,3.46,3.5,1.17,0.87,1.23,0.41,0.72,0.74,0.25,6.21,16.58,5.53,1.08,1.19,0.4,0,1.08
375,4,9/3/2006 6:55,9/4/2006 7:55,1,0.455,0.432,0.324,0.284,0.26,0.216,0.761,25,0.018,0,0.002,0.002,83,56,68,0.25,0,0,P,0,0,1,,9/3/2006,9/6/2006,9,2006,1.48,5.57,1.39,0.12,0.27,0.07,0.07,0.26,0.07,0.01,0.02,0.01,5.17,19.46,4.86,0.52,0.77,0.19,0,0.46
376,3,9/10/2006 13:00,9/12/2006 23:55,1,0.983,0.36,0.336,0.312,0.262,0.234,1.422,58.917,0.017,0,0,0,62,51,55,1.54,0,0,P,0,0,1,,9/10/2006,9/12/2006,9,2006,1.53,4.29,1.43,0.13,0.24,0.08,0.05,0.15,0.05,0.01,0.02,0.01,5.59,15.68,5.23,0.93,1.7,0.57,0,0.98
377,3,9/16/2006 6:20,9/17/2006 14:55,2,0.812,0.816,0.702,0.548,0.296,0.228,1.412,32.583,0.025,0,0,0.315,80,47,65,0.79,0,0,P,0,0,1,,9/16/2006,9/18/2006,9,2006,4,6.64,2.21,2.7,2.78,0.93,0.51,0.6,0.2,0.46,0.46,0.15,5.73,15.78,5.26,0.82,1.05,0.35,0,0.81
378,4,9/21/2006 14:15,9/22/2006 14:05,1,0.356,0.144,0.126,0.12,0.116,0.096,0.213,23.833,0.015,0,0.071,0.666,66,40,56,0.43,0,0,P,0,0,1,,9/21/2006,9/24/2006,9,2006,1.36,5.12,1.28,0.14,0.3,0.08,0.06,0.23,0.06,0.01,0.01,0,5.37,20.3,5.07,0.33,0.42,0.1,0,0.36
379,2,9/26/2006 21:25,9/27/2006 10:05,1,0.276,0.468,0.396,0.324,0.23,0.169,0.409,12.667,0.022,0,0,0.35,73,41,59,0.3,0,0,P,0,0,1,,9/26/2006,9/27/2006,9,2006,1.22,2.38,1.19,0.08,0.1,0.05,0.07,0.13,0.07,0.01,0.01,0.01,5,9.73,4.86,0.27,0.27,0.13,0,0.28
380,2,10/4/2006 2:40,10/4/2006 5:20,1,0.111,0.192,0.15,0.136,0.104,0.08,0.067,2.667,0.042,NA,NA,NA,76,38,58,0.12,0,0,P,0,0,1,,10/4/2006,10/5/2006,10,2006,1.27,2.49,1.25,0.13,0.21,0.11,0.09,0.18,0.09,0,0,0,4.82,9.56,4.78,0.32,0.56,0.28,0,0.11
381,4,10/11/2006 1:15,10/11/2006 14:40,1,0.255,0.12,0.096,0.096,0.084,0.064,0.104,13.417,0.019,0,0,0,50,26,39,0.19,0,0,P,0,0,1,,10/11/2006,10/14/2006,10,2006,1.41,5.06,1.27,0.36,0.7,0.18,0.09,0.36,0.09,0.01,0.04,0.01,4.89,19.07,4.77,0.4,0.85,0.21,0,0.26
382,2,10/16/2006 6:05,10/16/2006 15:45,1,0.306,0.192,0.18,0.148,0.114,0.109,0.191,9.667,0.032,0,0,0.131,57,48,52,0.31,0,0,P,0,0,1,,10/16/2006,10/17/2006,10,2006,1.23,2.41,1.21,0.14,0.23,0.12,0.09,0.18,0.09,0.01,0.02,0.01,5.17,10.27,5.14,0.35,0.63,0.32,0,0.31
383,2,,,,,,,,,,,,,,,,46,29,35,0.36,3.2,3,P,S,M,3,,11/10/2006,11/11/2006,11,2006,1,1.98,0.99,0.08,0.14,0.07,0.11,0.21,0.11,0.02,0.03,0.02,5.07,10.02,5.01,0.39,0.66,0.33,NA,NA
384,5,11/12/2006 13:50,11/14/2006 22:15,2,0.972,0.144,0.126,0.116,0.102,0.096,0.439,56.417,0.017,0,0,0,43,27,35,0.05,0,0,P,0,0,1,,11/12/2006,11/16/2006,11,2006,5.04,15.82,3.16,4.03,10.59,2.12,0.25,0.87,0.17,0.14,0.28,0.06,6.12,28.51,5.7,1.01,2.18,0.44,0,0.97
385,6,11/26/2006 21:45,11/28/2006 22:20,2,1.336,0.828,0.816,0.788,0.716,0.558,6.155,48.583,0.027,0,0,0,61,11,35,1.14,0,0,P,0,0,1,,11/26/2006,12/1/2006,11,2006,29,55.41,9.24,27.87,43.15,7.19,5.5,6.76,1.13,5.19,5.59,0.93,9.82,41.14,6.86,4.35,8.05,1.34,0,1.34
386,3,12/11/2006 20:55,12/12/2006 3:55,1,0.363,0.3,0.27,0.248,0.204,0.137,0.453,7,0.052,0,0,0,47,26,37,0.21,0,0,P,0,0,1,,12/11/2006,12/13/2006,12,2006,2.02,5.54,1.85,0.21,0.27,0.09,0.12,0.34,0.11,0.02,0.03,0.01,5.88,16.05,5.35,0.58,0.61,0.2,0,0.36
387,6,12/21/2006 6:45,12/21/2006 17:15,1,0.514,0.216,0.18,0.168,0.164,0.13,0.493,10.5,0.049,0,0,0,43,19,34,0.62,0,0,P,0,0,1,,12/17/2006,12/22/2006,12,2006,19.8,35.88,5.98,16.69,19.55,3.26,2.18,2.7,0.45,1.99,2.03,0.34,8.11,34.76,5.79,2.11,2.78,0.46,0,0.51
388,5,12/30/2006 17:45,12/31/2006 23:40,1,0.784,0.24,0.222,0.22,0.202,0.188,0.873,29.917,0.026,0.014,0.029,0.029,46,19,36,0.81,0.7,1,P,S,M,2,,12/30/2006,1/3/2007,12,2006,28.3,52.31,10.46,25.8,40.49,8.1,7.78,12.69,2.54,7.38,11.15,2.23,11.16,39.29,7.86,5.71,9.06,1.81,NA,NA
389,2,,,,,,,,,,,,,,,,23,13,18,0.3,4,1.5,P,S,M,3,,1/14/2007,1/15/2007,1,2007,1.55,3.06,1.53,0.09,0.14,0.07,0.13,0.26,0.13,0.01,0.02,0.01,5.18,10.18,5.09,0.38,0.58,0.29,NA,NA
390,3,,,,,,,,,,,,,,,,27,13,21,0.23,3.6,1,P,S,M,3,,1/21/2007,1/23/2007,1,2007,1.57,4.64,1.55,0.11,0.2,0.07,0.14,0.41,0.14,0.01,0.01,0,4.99,14.72,4.91,0.29,0.56,0.19,NA,NA
391,2,1/26/2007 11:55,1/26/2007 15:00,1,0.101,0.096,0.096,0.096,0.088,0.064,0.044,3.083,0.033,0,0,0.003,43,10,27,0,0.3,1.7,P,S,M,2,,1/26/2007,1/27/2007,1,2007,1.58,3.11,1.56,0.07,0.09,0.05,0.14,0.28,0.14,0,0,0,4.88,9.57,4.79,0.28,0.37,0.19,NA,NA
392,3,,,,,,,,,,,,,,,,20,-7,7,0.01,0.4,1,P,S,M,3,,1/31/2007,2/2/2007,1,2007,1.58,4.58,1.53,0.11,0.17,0.06,0.15,0.44,0.15,0.01,0.02,0.01,4.72,13.61,4.54,0.3,0.59,0.2,NA,NA
393,2,,,,,,,,,,,,,,,,10,-12,-2,0.12,1.4,U,P,S,M,3,,2/6/2007,2/7/2007,2,2007,1.14,2.19,1.1,0.15,0.17,0.08,0.11,0.21,0.11,0.01,0.01,0.01,3.26,6.27,3.14,0.41,0.5,0.25,NA,NA
394,5,2/23/2007 20:45,2/25/2007 19:10,1,0.145,0.036,0.024,0.02,0.02,0.016,0.008,46.417,0.003,0,0,0,52,20,34,0,0,4,P,0,M,2,,2/19/2007,2/23/2007,2,2007,17.1,33.49,6.7,14.8,24.72,4.94,1.31,2.94,0.59,1.16,2.05,0.41,7.04,25.09,5.02,2.74,5.51,1.1,NA,NA
395,3,,,,,,,,,,,,,,,,31,22,27,2.72,26.8,12.9,P,S,M,3,,2/24/2007,2/26/2007,2,2007,2.7,7.75,2.58,0.39,0.83,0.28,0.26,0.73,0.24,0.01,0.01,0,5.03,14.45,4.82,0.73,1.55,0.52,NA,NA
396,5,,,,,,,,,,,,,,,,34,3,24,0.86,7.4,4.8,P,S,M,3,,3/1/2007,3/5/2007,3,2007,2.43,11.45,2.29,0.12,0.29,0.06,0.33,1.53,0.31,0.04,0.11,0.02,4.51,21.23,4.25,0.22,0.53,0.11,NA,NA
397,2,,,,,,,,,,,,,,,,38,12,25,0,0,3,0,0,M,5,,3/7/2007,3/8/2007,3,2007,2.24,4.45,2.23,0.08,0.13,0.06,0.4,0.77,0.39,0.05,0.07,0.04,4.13,8.21,4.11,0.13,0.21,0.11,NA,NA
398,5,3/9/2007 7:40,3/9/2007 16:30,1,0.112,0.048,0.036,0.032,0.028,0.024,0.013,8.833,0.013,0.062,0.074,0.078,54,18,41,0,0,10,P,0,M,2,,3/9/2007,3/13/2007,3,2007,1620,2322.6,464.52,1504,2083.43,416.69,645,922.66,184.53,624.9,881.08,176.22,111.79,173.02,34.6,88.05,112.34,22.47,NA,NA
399,3,,,,,,,,,,,,,,,,51,24,38,0,0,3,0,0,M,5,,3/14/2007,3/16/2007,3,2007,116,174.7,58.23,10.1,11.3,3.77,20.1,32.7,10.9,2.4,2.4,0.8,23.74,48.22,16.07,2.5,2.5,0.83,NA,NA
400,2,,,,,,,,,,,,,,,,48,19,33,0,0,Z,0,0,M,6,,3/18/2007,3/19/2007,3,2007,44.9,66.5,33.25,24.7,26.1,13.05,12.2,17.3,8.65,7.1,7.1,3.55,15.51,26.25,13.13,4.77,4.77,2.39,NA,NA
401,2,3/21/2007 16:00,3/22/2007 1:25,1,0.323,0.732,0.636,0.512,0.326,0.236,0.748,9.417,0.034,0.013,0.013,0.013,60,37,50,0.14,0,0,P,0,0,1,,3/21/2007,3/22/2007,3,2007,108,139.2,69.6,86.1,95.4,47.7,52.5,60.41,30.21,45,45.41,22.71,21.18,34.6,17.3,8.44,9.12,4.56,0,0.32
402,3,3/24/2007 20:05,3/25/2007 9:35,1,0.162,0.18,0.168,0.164,0.156,0.11,0.146,13.5,0.012,0,0.288,0.336,82,41,63,0.22,0,0,P,0,0,1,,3/24/2007,3/26/2007,3,2007,13.7,30.49,10.16,7.21,11.02,3.67,8.9,22.6,7.53,2.7,4,1.33,14.14,39.58,13.19,1.69,2.23,0.74,0,0.16
403,1,3/30/2007 5:45,3/30/2007 18:05,1,0.869,0.48,0.408,0.38,0.322,0.281,1.791,12.333,0.07,0,0.146,0.183,57,43,50,0.5,0,0,P,0,0,1,,3/30/2007,3/30/2007,3,2007,44.9,44.9,44.9,0,0,0,12.2,12.2,12.2,0,0,0,15.91,15.91,15.91,0.31,0.31,0.16,0,0.87
404,4,3/31/2007 2:30,4/3/2007 19:50,2,0.676,0.252,0.228,0.196,0.158,0.154,0.552,89.333,0.008,0.869,0.89,1.015,52,35,45,0.82,0,0,P,0,0,1,,3/31/2007,4/3/2007,3,2007,44.9,147.6,36.9,25.43,50.86,12.72,12.2,39.4,9.85,1.3,2.6,0.65,16.35,58.11,14.53,1.67,3.51,0.88,0,0.68
405,2,4/10/2007 21:55,4/11/2007 18:00,1,0.122,0.072,0.054,0.052,0.046,0.041,0.023,20.083,0.006,0,0,0,45,24,36,0.64,4.3,4.3,P,S,M,2,,4/10/2007,4/11/2007,4,2007,2.1,4.11,2.06,0.11,0.11,0.06,3.4,3.64,1.82,0.02,0.02,0.01,10.22,19.5,9.75,0,0,0,NA,NA
406,4,4/12/2007 9:50,4/12/2007 13:30,1,0.15,0.144,0.144,0.136,0.12,0.092,0.095,3.667,0.041,0.05,0.122,0.122,64,29,44,0.07,0,0,P,0,0,1,,4/12/2007,4/15/2007,4,2007,2,7.45,1.86,0.35,0.51,0.13,0.22,0.81,0.2,0.05,0.07,0.02,10.79,41.31,10.33,1.06,2.15,0.54,0,0.15
407,3,4/22/2007 17:05,4/23/2007 4:45,1,0.155,0.168,0.156,0.144,0.098,0.068,0.079,11.667,0.013,0,0,0,80,48,63,0.38,0,0,P,0,0,1,,4/22/2007,4/24/2007,4,2007,1.28,3.76,1.25,0.04,0.07,0.02,0.12,0.34,0.11,0.01,0.01,0,8.5,24.98,8.33,0.55,0.88,0.29,0,0.16
408,3,4/30/2007 15:15,5/1/2007 5:00,1,0.205,0.288,0.258,0.212,0.13,0.092,0.15,13.75,0.015,0,0,0.02,84,44,63,0.33,0,0,P,0,0,1,,4/30/2007,5/2/2007,4,2007,1.42,4.14,1.38,0.13,0.23,0.08,0.11,0.31,0.1,0.01,0.01,0,7.63,22.26,7.42,0.4,0.87,0.29,0,0.21
409,2,5/12/2007 20:45,5/13/2007 11:00,1,0.511,1.224,0.942,0.896,0.648,0.401,2.556,14.25,0.036,0,0,0,78,48,64,0.2,0,0,P,0,0,1,,5/12/2007,5/13/2007,5,2007,1.72,3.18,1.59,0.26,0.26,0.13,0.1,0.19,0.1,0.01,0.01,0.01,6.71,12.58,6.29,0.84,0.84,0.42,0,0.51
410,1,5/22/2007 14:20,5/22/2007 19:25,1,0.196,0.612,0.492,0.392,0.232,0.116,0.3,5.083,0.039,0,0.108,0.11,83,63,73,0.42,0,0,P,0,0,1,,5/22/2007,5/22/2007,5,2007,1.84,1.84,1.84,0.13,0.13,0.13,0.09,0.09,0.09,0.01,0.01,0.01,5.67,5.67,5.67,0.11,0.19,0.1,0,0.2
411,5,5/23/2007 19:10,5/25/2007 1:55,1,1.322,1.752,1.5,1.264,0.866,0.572,7.951,30.75,0.043,0.004,0.29,0.306,76,42,62,1.63,0,0,P,0,0,1,,5/23/2007,5/27/2007,5,2007,3.02,11.8,2.36,0.94,1.34,0.27,0.14,0.53,0.11,0.04,0.05,0.01,8.82,33.62,6.72,2.6,3.9,0.78,0,1.32
412,2,5/30/2007 22:05,5/31/2007 15:05,1,0.271,0.384,0.33,0.26,0.198,0.113,0.303,17,0.016,0,0.02,0.085,82,61,73,0.34,0,0,P,0,0,1,,5/30/2007,5/31/2007,5,2007,2.39,4.53,2.27,0.27,0.29,0.15,0.09,0.17,0.09,0.01,0.01,0.01,5.8,11.12,5.56,0.48,0.48,0.24,0,0.27
413,3,6/2/2007 17:55,6/3/2007 21:25,2,0.511,1.26,0.882,0.616,0.404,0.224,1.282,27.5,0.019,0.023,0.314,0.334,78,59,68,0.83,0,0,P,0,0,1,,6/2/2007,6/4/2007,6,2007,2.66,7.71,2.57,0.36,0.76,0.25,0.1,0.28,0.09,0.01,0.02,0.01,5.96,17.27,5.76,0.7,1.43,0.48,0,0.51
414,3,6/6/2007 12:00,6/6/2007 15:50,1,0.407,0.492,0.48,0.432,0.336,0.232,0.943,3.833,0.106,0,0.146,0.571,88,55,70,0.41,0,0,P,0,0,1,,6/6/2007,6/8/2007,6,2007,2.65,7.61,2.54,0.41,0.78,0.26,0.21,0.48,0.16,0.13,0.22,0.07,5.48,15.77,5.26,0.8,1.43,0.48,0,0.41
415,2,6/18/2007 14:55,6/18/2007 18:35,1,0.366,1.056,0.804,0.692,0.48,0.308,1.304,3.667,0.1,0,0.057,0.057,87,59,74,0.78,0,0,P,0,0,1,,6/18/2007,6/19/2007,6,2007,2.01,4.02,2.01,0.2,0.29,0.15,0.14,0.28,0.14,0.02,0.02,0.01,4.48,8.93,4.47,0.42,0.65,0.33,0,0.37
416,3,6/21/2007 0:30,6/21/2007 4:10,1,0.34,0.876,0.72,0.616,0.554,0.304,1.492,3.667,0.093,0,0.371,0.428,85,57,70,0.52,0,0,P,0,0,1,,6/21/2007,6/23/2007,6,2007,2.13,5.93,1.98,0.32,0.72,0.24,0.17,0.48,0.16,0.03,0.08,0.03,4.82,13.69,4.56,0.76,1.41,0.47,0,0.34
417,3,7/3/2007 15:15,7/3/2007 21:20,1,0.378,0.648,0.606,0.576,0.496,0.309,1.378,6.083,0.062,0,0,0,87,63,77,1.31,0,0,P,0,0,1,,7/3/2007,7/5/2007,7,2007,1.37,3.85,1.28,0.27,0.43,0.14,0.11,0.3,0.1,0.02,0.03,0.01,4.17,11.72,3.91,0.65,1.14,0.38,0,0.38
418,2,7/22/2007 16:20,7/23/2007 0:45,1,1.812,1.128,1.068,1.032,0.974,0.801,14.381,8.417,0.215,0,0,0.008,79,63,71,1.13,0,0,P,0,0,1,,7/22/2007,7/23/2007,7,2007,5.66,7.69,3.85,4.13,4.63,2.32,1.08,1.46,0.73,0.93,1.16,0.58,6.9,10.8,5.4,3,3,1.5,0,1.81
419,4,7/26/2007 19:10,7/27/2007 0:25,1,0.719,2.028,1.782,1.68,1.172,0.624,7.511,5.25,0.137,0,0,1.812,92,61,78,1.15,0,0,P,0,0,1,,7/26/2007,7/29/2007,7,2007,4.78,9.94,2.49,3.39,4.72,1.18,0.92,1.58,0.4,0.78,1.04,0.26,6.1,17.86,4.47,2.45,3.64,0.91,0,0.72
420,4,8/4/2007 10:40,8/5/2007 10:45,1,1.236,1.224,1.2,1.048,0.76,0.417,6.608,24.083,0.051,0,0,0,88,61,74,1.87,0,0,P,0,0,1,,8/4/2007,8/7/2007,8,2007,2.05,5.67,1.42,1.23,1.49,0.37,0.18,0.55,0.14,0.09,0.13,0.03,5.91,17.89,4.47,2.77,4.15,1.04,0,1.24
421,1,8/9/2007 5:40,8/9/2007 7:30,1,0.315,0.804,0.63,0.652,0.434,0.3,1.071,1.833,0.172,0,0,1.236,89,72,81,0.85,0,0,P,0,0,1,,8/9/2007,8/9/2007,8,2007,1.53,1.53,1.53,0.1,0.1,0.1,0.14,0.14,0.14,0.02,0.02,0.02,4.25,4.25,4.25,0.48,0.48,0.24,0,0.32
422,2,8/11/2007 5:30,8/12/2007 11:50,2,2.509,3.408,3.402,3.288,2.716,1.53,52.432,30.333,0.083,0,0.315,0.315,87,66,77,2.32,0,0,P,0,0,1,,8/11/2007,8/12/2007,8,2007,114,120.97,60.49,106.45,111.99,56,47.5,48.23,24.12,47.28,47.89,23.95,15.87,22.54,11.27,10.31,13.21,6.61,0,2.51
423,4,8/13/2007 23:15,8/15/2007 11:00,2,1.803,2.64,2.472,2.224,1.372,0.853,21.474,35.75,0.05,0,2.509,2.824,85,62,73,1.66,0,0,P,0,0,1,,8/13/2007,8/16/2007,8,2007,145,166.18,41.55,137.45,145.2,36.3,41.6,44.15,11.04,41.38,43.19,10.8,19.34,39.05,9.76,13.78,16.83,4.21,0,1.8
424,5,8/18/2007 8:45,8/22/2007 8:25,2,3.704,0.48,0.438,0.424,0.396,0.387,9.09,95.667,0.039,0,0.01,1.805,81,56,67,10.8,0,0,P,0,0,1,,8/18/2007,8/22/2007,8,2007,129,199.65,39.93,119.75,155.32,31.06,20.6,28.96,5.79,19.32,22.84,4.57,30.51,76.14,15.23,22.64,33.85,6.77,0,3.7
425,5,8/27/2007 4:10,8/29/2007 5:15,2,0.731,0.6,0.576,0.524,0.346,0.229,1.53,49.083,0.015,0,0,0.007,91,55,73,1.26,0,0,P,0,0,1,,8/27/2007,8/31/2007,8,2007,7.3,21.45,4.29,3.6,5.69,1.14,1.31,2.55,0.51,1.04,1.52,0.3,8.66,36.38,7.28,1.39,2.71,0.54,0,0.73
426,3,9/7/2007 1:50,9/7/2007 9:30,1,1.942,2.4,2.214,2.016,1.596,1.143,27.594,7.667,0.253,0,0,0,80,55,68,1.62,0,0,P,0,0,1,,9/7/2007,9/9/2007,9,2007,55.7,66.33,22.11,54.25,58.46,19.49,14.1,16.33,5.44,14.06,14.79,4.93,14.63,30.04,10.01,9.53,10.44,3.48,0,1.94
427,3,9/10/2007 4:50,9/10/2007 15:00,1,0.361,0.18,0.174,0.176,0.14,0.113,0.268,10.167,0.036,0.045,0.213,1.987,65,41,57,0.41,0,0,P,0,0,1,,9/10/2007,9/12/2007,9,2007,3.21,8.51,2.84,0.72,1.02,0.34,0.75,1.71,0.57,0.27,0.38,0.13,7.77,21.88,7.29,1.09,2.05,0.68,0,0.36
428,2,9/21/2007 15:15,9/21/2007 15:50,1,0.266,1.608,1.002,0.904,0.528,-9,1.258,0.583,0.456,0,0.006,0.088,88,49,72,0.21,0,0,P,0,0,1,,9/21/2007,9/22/2007,9,2007,1.18,2.35,1.18,0.09,0.17,0.08,0.04,0.08,0.04,0,0,0,5.48,10.89,5.45,0.47,0.87,0.44,0,0.27
429,4,9/24/2007 15:10,9/27/2007 6:30,2,2.412,1.524,1.434,1.148,0.884,0.83,16.283,63.333,0.038,0.002,0.27,0.27,84,49,67,0.94,0,0,P,0,0,1,,9/24/2007,9/27/2007,9,2007,66.7,100.98,25.25,65.58,83.14,20.79,16.7,20.57,5.14,16.66,18.77,4.69,18.56,43.56,10.89,13.39,17.32,4.33,0,2.41
